-- phpMyAdmin SQL Dump
-- version 4.0.10deb1
-- http://www.phpmyadmin.net
--
-- Host: localhost
-- Generation Time: Dec 03, 2015 at 08:17 PM
-- Server version: 5.5.46-0ubuntu0.14.04.2
-- PHP Version: 5.5.9-1ubuntu4.14

SET SQL_MODE = "NO_AUTO_VALUE_ON_ZERO";
SET time_zone = "+00:00";


/*!40101 SET @OLD_CHARACTER_SET_CLIENT=@@CHARACTER_SET_CLIENT */;
/*!40101 SET @OLD_CHARACTER_SET_RESULTS=@@CHARACTER_SET_RESULTS */;
/*!40101 SET @OLD_COLLATION_CONNECTION=@@COLLATION_CONNECTION */;
/*!40101 SET NAMES utf8 */;

--
-- Database: `smallavarapu`
--

-- --------------------------------------------------------

--
-- Table structure for table `cart`
--

CREATE TABLE IF NOT EXISTS `cart` (
  `cartId` int(16) NOT NULL,
  `mediaId` int(16) NOT NULL,
  `cartDate` date NOT NULL,
  `uuid` int(16) NOT NULL,
  PRIMARY KEY (`cartId`)
) ENGINE=InnoDB DEFAULT CHARSET=latin1;

--
-- Dumping data for table `cart`
--

INSERT INTO `cart` (`cartId`, `mediaId`, `cartDate`, `uuid`) VALUES
(1, 2, '2015-12-02', 423),
(2, 28, '2015-10-22', 761),
(3, 17, '2015-11-07', 460),
(4, 20, '2015-11-25', 712),
(5, 25, '2015-11-16', 539),
(6, 27, '2015-11-12', 21),
(7, 3, '2015-10-15', 668),
(8, 9, '2015-10-22', 828),
(9, 14, '2015-11-07', 169),
(10, 14, '2015-12-19', 506),
(11, 22, '2015-12-24', 183),
(12, 5, '2015-12-17', 412),
(13, 28, '2015-11-05', 816),
(14, 12, '2015-10-05', 415),
(15, 3, '2015-12-21', 916),
(16, 19, '2015-12-10', 375),
(17, 20, '2015-12-17', 534),
(18, 10, '2015-10-11', 768),
(19, 5, '2015-11-21', 176),
(20, 10, '2015-10-01', 39),
(21, 25, '2015-12-07', 952),
(22, 30, '2015-12-21', 797),
(23, 13, '2015-12-13', 184),
(24, 7, '2015-10-16', 233),
(25, 20, '2015-10-24', 115),
(26, 17, '2015-12-20', 883),
(27, 28, '2015-11-18', 725),
(28, 14, '2015-12-16', 842),
(29, 7, '2015-12-29', 400),
(30, 13, '2015-10-26', 401),
(31, 14, '2015-10-09', 132),
(32, 12, '2015-10-09', 17),
(33, 6, '2015-11-15', 815),
(34, 12, '2015-12-05', 987),
(35, 19, '2015-11-02', 243),
(36, 22, '2015-12-23', 123),
(37, 19, '2015-12-16', 647),
(38, 10, '2015-10-27', 482),
(39, 6, '2015-11-17', 456),
(40, 18, '2015-12-24', 736),
(41, 30, '2015-11-02', 828),
(42, 3, '2015-12-08', 916),
(43, 4, '2015-12-26', 409),
(44, 28, '2015-10-29', 125),
(45, 28, '2015-12-24', 476),
(46, 5, '2015-11-28', 379),
(47, 9, '2015-10-22', 208),
(48, 28, '2015-11-21', 496),
(49, 13, '2015-12-06', 12),
(50, 26, '2015-10-27', 929);

-- --------------------------------------------------------

--
-- Table structure for table `crAssigned`
--

CREATE TABLE IF NOT EXISTS `crAssigned` (
  `crAssignedId` int(16) NOT NULL,
  `purchaseId` int(16) NOT NULL,
  `uuid` int(16) NOT NULL,
  PRIMARY KEY (`crAssignedId`)
) ENGINE=InnoDB DEFAULT CHARSET=latin1;

--
-- Dumping data for table `crAssigned`
--

INSERT INTO `crAssigned` (`crAssignedId`, `purchaseId`, `uuid`) VALUES
(1, 1, 198),
(2, 2, 170),
(3, 3, 181),
(4, 4, 170),
(5, 5, 14),
(6, 6, 179),
(7, 7, 110),
(8, 8, 121),
(9, 9, 154),
(10, 10, 146),
(11, 11, 30),
(12, 12, 54),
(13, 13, 138),
(14, 14, 54),
(15, 15, 170),
(16, 16, 110),
(17, 17, 108),
(18, 18, 160),
(19, 19, 100),
(20, 20, 158),
(21, 21, 110),
(22, 22, 19),
(23, 23, 110),
(24, 24, 198),
(25, 25, 175),
(26, 26, 110),
(27, 27, 136),
(28, 28, 40),
(29, 29, 154),
(30, 30, 182),
(31, 31, 136),
(32, 32, 152),
(33, 33, 146),
(34, 34, 109),
(35, 35, 113),
(36, 36, 170),
(37, 37, 80),
(38, 38, 5),
(39, 39, 82),
(40, 40, 25),
(41, 41, 154),
(42, 42, 113),
(43, 43, 82),
(44, 44, 82);

-- --------------------------------------------------------

--
-- Table structure for table `creditCardInfo`
--

CREATE TABLE IF NOT EXISTS `creditCardInfo` (
  `cardNo` varchar(16) NOT NULL,
  `expirationMonth` int(8) NOT NULL,
  `expirationYear` int(8) NOT NULL,
  `cvv` int(8) NOT NULL,
  `uuid` int(16) NOT NULL,
  PRIMARY KEY (`cardNo`)
) ENGINE=InnoDB DEFAULT CHARSET=latin1;

--
-- Dumping data for table `creditCardInfo`
--

INSERT INTO `creditCardInfo` (`cardNo`, `expirationMonth`, `expirationYear`, `cvv`, `uuid`) VALUES
('600-501-854', 10, 2019, 735, 260),
('600-564-059', 3, 2020, 701, 45),
('600-579-500', 7, 2020, 276, 655),
('600-756-399', 9, 2018, 957, 288),
('601-642-715', 10, 2017, 198, 378),
('601-752-790', 11, 2020, 907, 704),
('602-754-895', 4, 2016, 230, 542),
('602-765-885', 5, 2020, 753, 440),
('602-999-595', 3, 2019, 285, 759),
('603-108-385', 7, 2018, 870, 414),
('603-252-934', 11, 2018, 497, 641),
('603-464-356', 10, 2020, 441, 819),
('603-663-847', 11, 2017, 873, 439),
('603-901-221', 4, 2020, 216, 893),
('603-912-649', 1, 2020, 457, 950),
('604-153-916', 9, 2017, 559, 713),
('605-408-711', 7, 2020, 666, 376),
('605-852-076', 11, 2018, 619, 693),
('606-135-537', 12, 2018, 134, 740),
('606-378-040', 12, 2018, 853, 932),
('607-404-144', 9, 2016, 952, 344),
('607-824-981', 12, 2019, 903, 341),
('608-111-052', 3, 2019, 342, 731),
('608-115-902', 3, 2020, 277, 544),
('608-222-206', 9, 2016, 598, 765),
('608-285-320', 5, 2017, 842, 339),
('608-326-867', 1, 2016, 286, 652),
('608-511-949', 11, 2019, 536, 846),
('608-914-533', 5, 2017, 647, 674),
('609-149-792', 1, 2019, 444, 117),
('609-573-427', 10, 2019, 629, 612),
('609-798-151', 8, 2020, 588, 208),
('610-094-097', 7, 2018, 342, 556),
('610-518-952', 8, 2017, 308, 375),
('611-255-048', 12, 2019, 737, 243),
('612-222-810', 12, 2020, 462, 599),
('612-236-615', 1, 2016, 871, 553),
('613-376-871', 4, 2016, 900, 249),
('613-397-357', 9, 2019, 614, 103),
('613-662-805', 12, 2018, 425, 365),
('613-827-421', 3, 2019, 449, 879),
('615-200-941', 11, 2020, 669, 219),
('615-684-082', 9, 2018, 369, 527),
('615-790-903', 12, 2020, 163, 805),
('616-298-528', 7, 2020, 459, 878),
('616-480-998', 1, 2018, 916, 246),
('616-572-481', 10, 2019, 729, 316),
('616-791-903', 3, 2018, 378, 564),
('617-107-005', 12, 2016, 602, 660),
('617-241-081', 5, 2019, 809, 764),
('617-284-220', 4, 2016, 770, 512),
('617-564-325', 4, 2019, 759, 729),
('617-919-185', 5, 2017, 131, 851),
('618-166-651', 6, 2020, 439, 758),
('618-238-573', 1, 2017, 877, 140),
('619-410-567', 1, 2019, 146, 736),
('620-604-930', 7, 2020, 871, 780),
('621-086-711', 3, 2020, 801, 551),
('621-156-357', 3, 2018, 957, 141),
('621-965-337', 5, 2017, 342, 221),
('622-489-731', 2, 2016, 475, 231),
('622-680-109', 11, 2017, 873, 130),
('622-681-087', 5, 2020, 746, 593),
('622-737-402', 8, 2016, 346, 534),
('623-111-170', 1, 2017, 757, 76),
('623-373-203', 8, 2020, 983, 429),
('623-870-123', 10, 2020, 622, 812),
('624-322-837', 2, 2018, 536, 94),
('626-327-154', 4, 2018, 409, 48),
('627-485-002', 8, 2016, 920, 58),
('628-058-278', 3, 2018, 907, 474),
('628-122-530', 4, 2020, 212, 408),
('628-210-389', 5, 2018, 490, 212),
('628-385-253', 6, 2019, 839, 579),
('628-442-625', 2, 2016, 392, 994),
('629-072-857', 12, 2018, 746, 627),
('629-460-122', 11, 2016, 260, 55),
('629-754-740', 9, 2019, 610, 441),
('630-085-489', 4, 2018, 775, 468),
('631-072-761', 8, 2019, 525, 247),
('632-532-637', 6, 2016, 194, 873),
('633-558-243', 12, 2019, 977, 876),
('633-674-273', 11, 2020, 294, 78),
('633-922-451', 4, 2017, 508, 75),
('633-959-887', 5, 2017, 310, 735),
('634-234-056', 9, 2020, 268, 940),
('634-456-600', 6, 2016, 221, 283),
('634-579-658', 3, 2019, 413, 869),
('634-764-028', 6, 2016, 553, 752),
('635-520-070', 3, 2017, 378, 307),
('635-740-593', 8, 2020, 114, 81),
('635-857-342', 9, 2019, 597, 916),
('635-949-818', 1, 2017, 481, 302),
('636-161-849', 8, 2016, 823, 53),
('636-175-302', 9, 2017, 610, 687),
('636-232-885', 4, 2017, 325, 609),
('636-707-441', 12, 2016, 722, 864),
('636-723-326', 7, 2018, 187, 539),
('636-855-947', 9, 2018, 671, 954),
('637-080-117', 1, 2018, 547, 294),
('637-102-869', 1, 2017, 287, 952),
('637-754-130', 2, 2017, 428, 226),
('637-972-667', 1, 2019, 994, 514),
('640-062-970', 9, 2016, 630, 321),
('640-348-529', 8, 2020, 335, 717),
('640-940-285', 12, 2020, 576, 251),
('641-084-785', 5, 2019, 379, 106),
('641-505-167', 8, 2016, 881, 905),
('642-375-693', 11, 2020, 740, 666),
('642-525-430', 5, 2020, 549, 557),
('643-341-141', 12, 2017, 426, 784),
('643-883-803', 7, 2017, 229, 469),
('644-282-288', 1, 2020, 909, 159),
('644-643-293', 10, 2016, 936, 476),
('645-265-412', 3, 2020, 616, 739),
('646-303-208', 5, 2020, 134, 241),
('646-487-479', 2, 2020, 489, 426),
('647-248-401', 5, 2019, 764, 778),
('647-497-800', 3, 2018, 670, 816),
('648-177-224', 5, 2017, 499, 870),
('648-256-174', 3, 2017, 234, 11),
('649-021-690', 7, 2019, 582, 319),
('649-355-066', 9, 2020, 311, 480),
('649-474-714', 6, 2019, 217, 424),
('649-878-645', 10, 2018, 763, 494),
('650-566-808', 7, 2018, 495, 445),
('650-712-836', 1, 2016, 342, 922),
('650-826-643', 7, 2020, 928, 664),
('651-467-261', 1, 2016, 197, 267),
('651-614-917', 12, 2016, 495, 282),
('651-694-045', 6, 2019, 908, 33),
('651-826-447', 10, 2019, 760, 799),
('652-537-144', 2, 2019, 892, 277),
('652-675-539', 4, 2017, 549, 351),
('654-068-899', 1, 2017, 291, 794),
('654-395-389', 7, 2019, 997, 923),
('654-584-635', 12, 2016, 610, 918),
('655-440-012', 2, 2020, 355, 199),
('655-812-299', 6, 2019, 270, 183),
('656-178-954', 1, 2019, 159, 620),
('657-203-615', 6, 2020, 263, 1000),
('657-222-701', 4, 2019, 332, 309),
('657-885-489', 11, 2016, 283, 576),
('659-003-079', 7, 2019, 978, 292),
('660-584-597', 4, 2020, 934, 390),
('661-216-951', 8, 2018, 220, 625),
('661-631-074', 4, 2019, 463, 230),
('661-781-821', 6, 2018, 663, 853),
('662-073-552', 1, 2020, 798, 164),
('662-172-593', 3, 2019, 383, 465),
('663-331-433', 11, 2017, 509, 9),
('664-419-659', 5, 2018, 717, 678),
('664-430-845', 7, 2016, 446, 712),
('664-590-891', 9, 2018, 722, 235),
('664-733-172', 4, 2016, 275, 72),
('665-728-191', 4, 2016, 869, 962),
('665-920-199', 12, 2020, 586, 899),
('666-282-831', 7, 2018, 312, 680),
('666-337-914', 2, 2017, 710, 601),
('666-706-281', 12, 2016, 577, 669),
('666-801-267', 6, 2019, 528, 711),
('666-811-593', 7, 2019, 445, 723),
('666-905-418', 4, 2018, 655, 229),
('666-972-991', 4, 2016, 356, 561),
('667-281-220', 11, 2020, 429, 654),
('667-640-721', 6, 2018, 487, 972),
('668-411-774', 1, 2019, 397, 715),
('668-549-904', 12, 2019, 843, 314),
('668-553-130', 1, 2018, 353, 493),
('669-458-012', 6, 2016, 335, 466),
('670-105-600', 10, 2020, 846, 517),
('670-192-000', 10, 2020, 840, 297),
('670-197-834', 12, 2017, 868, 174),
('670-311-883', 5, 2017, 467, 59),
('670-512-962', 8, 2020, 760, 196),
('670-858-259', 8, 2017, 430, 453),
('670-959-145', 4, 2016, 587, 485),
('671-406-618', 11, 2018, 866, 575),
('672-210-869', 7, 2020, 186, 133),
('672-355-031', 12, 2016, 787, 155),
('672-556-033', 7, 2016, 687, 268),
('673-821-078', 1, 2018, 811, 545),
('674-202-761', 5, 2016, 709, 668),
('675-970-135', 2, 2020, 193, 619),
('675-972-231', 11, 2018, 398, 463),
('676-065-274', 10, 2017, 865, 393),
('676-156-265', 1, 2016, 443, 137),
('676-523-899', 9, 2018, 644, 502),
('676-665-866', 12, 2020, 152, 498),
('676-779-394', 8, 2019, 971, 702),
('677-239-835', 8, 2018, 214, 925),
('677-775-421', 9, 2018, 131, 258),
('677-795-412', 3, 2017, 599, 659),
('679-210-714', 6, 2016, 728, 264),
('679-231-743', 1, 2019, 384, 114),
('679-506-329', 1, 2020, 716, 885),
('679-611-954', 7, 2019, 607, 791),
('679-674-243', 7, 2018, 822, 782),
('680-339-170', 12, 2016, 226, 750),
('680-779-005', 2, 2016, 746, 331),
('680-892-943', 11, 2016, 778, 540),
('681-132-458', 6, 2016, 668, 948),
('681-542-483', 11, 2018, 628, 366),
('681-717-644', 12, 2020, 454, 976),
('682-298-359', 7, 2017, 288, 405),
('683-397-185', 9, 2020, 310, 728),
('683-484-779', 9, 2020, 961, 191),
('683-632-881', 9, 2018, 224, 57),
('683-785-447', 12, 2018, 359, 882),
('684-399-684', 8, 2019, 115, 726),
('684-414-978', 2, 2017, 652, 394),
('684-458-906', 3, 2018, 176, 324),
('684-577-563', 4, 2017, 326, 505),
('685-223-143', 8, 2017, 709, 1),
('685-321-459', 2, 2016, 141, 769),
('685-347-405', 8, 2016, 570, 271),
('686-411-402', 10, 2020, 714, 847),
('686-703-342', 4, 2017, 927, 358),
('686-744-377', 7, 2017, 834, 662),
('687-443-452', 9, 2017, 728, 880),
('687-929-075', 5, 2020, 746, 44),
('688-178-101', 8, 2018, 617, 35),
('688-402-473', 12, 2018, 796, 748),
('688-761-636', 4, 2018, 478, 194),
('689-022-466', 5, 2017, 726, 36),
('689-077-459', 7, 2020, 190, 236),
('690-000-595', 9, 2018, 141, 337),
('690-760-568', 10, 2016, 911, 570),
('691-495-847', 7, 2017, 518, 898),
('691-624-152', 10, 2018, 166, 310),
('691-665-734', 2, 2019, 821, 223),
('691-672-435', 3, 2018, 722, 248),
('691-689-019', 3, 2016, 483, 944),
('691-772-227', 2, 2020, 536, 367),
('692-015-776', 11, 2020, 811, 238),
('693-102-386', 6, 2016, 346, 657),
('693-424-842', 4, 2019, 191, 37),
('693-771-811', 5, 2016, 473, 432),
('693-878-276', 7, 2018, 381, 97),
('693-929-930', 5, 2020, 207, 737),
('694-844-041', 8, 2018, 348, 336),
('695-077-716', 4, 2018, 178, 167),
('695-483-867', 10, 2016, 419, 195),
('696-049-605', 3, 2016, 796, 685),
('696-754-013', 10, 2017, 348, 671),
('697-018-442', 3, 2016, 793, 486),
('697-127-079', 4, 2019, 891, 101),
('697-753-376', 11, 2018, 189, 295),
('697-821-634', 8, 2016, 651, 349),
('697-952-341', 10, 2016, 631, 431),
('698-079-234', 11, 2017, 596, 149),
('699-324-090', 11, 2020, 476, 487),
('699-727-245', 12, 2019, 825, 572),
('699-849-239', 6, 2017, 893, 928),
('699-976-825', 1, 2018, 955, 956);

-- --------------------------------------------------------

--
-- Table structure for table `customerRepresentative`
--

CREATE TABLE IF NOT EXISTS `customerRepresentative` (
  `uuid` int(16) NOT NULL,
  `custRepId` int(16) NOT NULL,
  PRIMARY KEY (`custRepId`)
) ENGINE=InnoDB DEFAULT CHARSET=latin1;

--
-- Dumping data for table `customerRepresentative`
--

INSERT INTO `customerRepresentative` (`uuid`, `custRepId`) VALUES
(1, 2),
(2, 3),
(3, 5),
(4, 12),
(5, 13),
(6, 14),
(7, 19),
(8, 21),
(9, 25),
(10, 27),
(11, 30),
(12, 34),
(13, 38),
(14, 40),
(15, 47),
(16, 51),
(17, 54),
(18, 60),
(19, 61),
(20, 67),
(21, 68),
(22, 69),
(23, 74),
(24, 80),
(25, 82),
(26, 84),
(27, 88),
(28, 99),
(29, 100),
(30, 102),
(31, 108),
(32, 109),
(33, 110),
(34, 112),
(35, 113),
(36, 119),
(37, 121),
(38, 123),
(39, 128),
(40, 136),
(41, 138),
(42, 142),
(43, 143),
(44, 144),
(45, 145),
(46, 146),
(47, 147),
(48, 152),
(49, 154),
(50, 158),
(51, 160),
(52, 170),
(53, 173),
(54, 175),
(55, 176),
(56, 179),
(57, 181),
(58, 182),
(59, 184),
(60, 186),
(61, 193),
(62, 197),
(63, 198),
(64, 200);

-- --------------------------------------------------------

--
-- Table structure for table `employeeInfo`
--

CREATE TABLE IF NOT EXISTS `employeeInfo` (
  `ssn` varchar(16) NOT NULL,
  `startDate` timestamp NOT NULL DEFAULT CURRENT_TIMESTAMP ON UPDATE CURRENT_TIMESTAMP,
  `hourlyRate` float(32,2) NOT NULL,
  `uuid` int(16) NOT NULL,
  PRIMARY KEY (`ssn`)
) ENGINE=InnoDB DEFAULT CHARSET=latin1;

--
-- Dumping data for table `employeeInfo`
--

INSERT INTO `employeeInfo` (`ssn`, `startDate`, `hourlyRate`, `uuid`) VALUES
('00-0177-54542', '2014-05-02 05:33:04', 10.00, 14),
('00-0316-12322', '2015-06-10 22:09:15', 16.00, 852),
('00-0432-72622', '2014-06-20 01:43:53', 17.00, 418),
('00-0616-98612', '2012-10-11 10:38:10', 15.00, 842),
('00-0617-37893', '2013-03-12 15:01:22', 22.00, 661),
('00-1284-13852', '2015-02-07 02:47:36', 18.00, 645),
('00-1353-30393', '2014-12-04 02:22:42', 20.00, 753),
('00-1486-22212', '2013-02-14 14:12:12', 11.00, 632),
('00-1602-12012', '2014-05-25 23:28:01', 10.00, 546),
('00-1632-99943', '2013-03-23 23:04:05', 31.00, 104),
('00-2052-21673', '2012-11-14 11:25:51', 28.00, 32),
('00-2092-13983', '2013-12-13 04:42:35', 34.00, 472),
('00-2213-64503', '2015-01-19 13:21:09', 22.00, 92),
('00-2333-04662', '2014-03-07 15:53:32', 18.00, 695),
('00-2706-23643', '2015-04-03 11:00:11', 38.00, 604),
('00-2716-07163', '2015-10-16 06:15:52', 21.00, 597),
('00-3133-80463', '2015-04-19 19:55:30', 40.00, 886),
('00-3270-18853', '2015-04-22 08:55:33', 25.00, 451),
('00-3448-12803', '2013-07-29 04:39:34', 34.00, 938),
('00-3546-25032', '2014-01-31 18:37:07', 11.00, 13),
('00-4145-05262', '2015-03-11 19:56:45', 15.00, 5),
('00-4192-05293', '2014-09-25 04:19:25', 20.00, 43),
('00-4197-14722', '2015-07-09 23:16:26', 19.00, 430),
('00-4300-16323', '2014-10-05 18:39:36', 38.00, 384),
('00-4460-49572', '2013-05-07 12:17:30', 12.00, 988),
('00-4489-60043', '2014-03-29 21:20:53', 30.00, 626),
('00-4646-84483', '2015-08-25 21:50:44', 40.00, 156),
('00-4719-69083', '2013-05-08 07:23:55', 32.00, 96),
('00-5002-28262', '2014-08-26 22:19:03', 19.00, 837),
('00-5002-96802', '2014-08-14 11:37:41', 15.00, 357),
('00-5156-73363', '2015-03-31 04:56:38', 33.00, 770),
('00-5503-64693', '2014-09-29 18:52:50', 21.00, 41),
('00-5540-34522', '2013-01-17 17:48:20', 12.00, 147),
('00-5611-85563', '2013-08-21 19:43:06', 30.00, 187),
('00-5795-87853', '2013-03-09 16:52:54', 28.00, 776),
('00-5807-84082', '2013-10-01 21:52:37', 20.00, 197),
('00-5837-19622', '2015-07-28 16:49:00', 12.00, 19),
('00-6093-76472', '2013-01-12 08:54:38', 15.00, 754),
('00-6305-73243', '2014-07-20 17:31:32', 31.00, 504),
('00-6541-93002', '2015-11-13 10:20:01', 20.00, 442),
('00-7322-64542', '2015-03-13 00:02:07', 10.00, 402),
('00-7625-37272', '2013-01-02 19:12:04', 18.00, 761),
('00-7666-20392', '2014-02-21 11:28:45', 16.00, 965),
('00-7717-86242', '2014-07-15 15:27:50', 12.00, 814),
('00-7767-56522', '2014-12-21 20:56:48', 13.00, 913),
('00-7801-57112', '2014-05-15 22:40:44', 17.00, 964),
('00-8031-81882', '2012-11-01 12:21:26', 17.00, 983),
('00-8188-45652', '2012-10-28 05:33:03', 16.00, 446),
('00-8241-32443', '2014-06-13 04:19:23', 29.00, 270),
('00-8396-66692', '2015-05-10 06:13:03', 14.00, 827),
('00-8419-82793', '2015-12-11 05:50:41', 40.00, 444),
('00-8590-21622', '2015-07-19 13:06:40', 13.00, 143),
('00-8806-75352', '2015-12-21 15:23:55', 12.00, 903),
('00-8884-26052', '2015-05-12 19:56:23', 15.00, 478),
('00-8992-76652', '2014-09-07 12:06:27', 20.00, 900),
('00-9294-79453', '2015-04-07 20:22:40', 29.00, 997),
('00-9454-18873', '2012-12-27 10:27:39', 36.00, 569),
('00-9561-26422', '2015-01-11 16:08:14', 12.00, 403),
('00-9663-15693', '2012-11-03 02:04:12', 39.00, 981),
('00-9856-17632', '2013-10-25 18:14:57', 11.00, 843),
('01-0027-20382', '2013-08-08 09:50:06', 18.00, 100),
('01-0223-88883', '2014-08-08 15:35:25', 36.00, 62),
('01-0396-08242', '2015-11-10 07:31:54', 19.00, 489),
('01-0567-47453', '2013-02-19 18:43:30', 22.00, 492),
('01-0631-61933', '2015-06-19 00:36:20', 28.00, 577),
('01-0902-66782', '2015-09-12 17:59:05', 15.00, 198),
('01-1304-33602', '2013-03-15 00:39:12', 15.00, 931),
('01-1383-56212', '2013-05-05 15:04:16', 13.00, 787),
('01-1437-26032', '2012-12-18 08:11:40', 15.00, 895),
('01-2263-16442', '2014-07-21 03:32:28', 19.00, 830),
('01-2308-81842', '2015-03-08 04:03:25', 13.00, 154),
('01-3060-26273', '2013-12-13 13:00:20', 22.00, 177),
('01-3141-60883', '2013-12-16 06:06:51', 34.00, 762),
('01-3288-56993', '2014-10-27 19:50:58', 35.00, 636),
('01-3299-35013', '2014-09-14 14:59:53', 29.00, 547),
('01-3424-89743', '2014-04-14 05:14:44', 39.00, 568),
('01-3632-33973', '2012-12-11 22:53:34', 31.00, 743),
('01-3783-97522', '2013-06-14 21:27:03', 12.00, 955),
('01-3933-13412', '2015-12-18 05:50:51', 20.00, 345),
('01-4013-05892', '2014-09-10 23:40:38', 10.00, 774),
('01-4111-19972', '2014-06-03 08:48:02', 17.00, 74),
('01-4474-80922', '2012-12-28 05:38:07', 12.00, 467),
('01-4633-52862', '2014-02-03 13:21:31', 11.00, 631),
('01-4841-27192', '2013-02-19 08:37:55', 12.00, 406),
('01-5038-98573', '2015-09-20 09:01:51', 39.00, 883),
('01-5050-44423', '2015-03-13 06:08:40', 24.00, 435),
('01-5124-82643', '2013-05-17 02:05:34', 34.00, 232),
('01-5417-07182', '2014-04-26 08:08:05', 10.00, 200),
('01-6273-59273', '2014-02-22 20:18:20', 25.00, 857),
('01-6351-99543', '2013-11-10 04:14:17', 34.00, 4),
('01-6364-81272', '2013-12-18 08:25:25', 13.00, 488),
('01-6603-66392', '2014-12-06 10:27:03', 16.00, 874),
('01-6805-11492', '2013-08-26 14:06:56', 14.00, 996),
('01-7053-38182', '2014-12-24 16:25:42', 20.00, 947),
('01-7271-87033', '2014-05-20 14:36:47', 35.00, 306),
('01-7601-31793', '2015-12-23 15:38:54', 27.00, 875),
('01-7702-78492', '2014-04-01 10:05:15', 18.00, 113),
('01-7862-51752', '2014-02-10 22:35:44', 18.00, 535),
('01-7904-23903', '2013-03-24 21:01:50', 31.00, 573),
('01-7954-17173', '2013-03-03 00:02:05', 24.00, 83),
('01-8270-35642', '2014-06-20 16:05:17', 16.00, 34),
('01-8643-58682', '2013-10-12 15:12:49', 17.00, 783),
('01-8667-89192', '2015-06-14 05:23:35', 10.00, 12),
('01-8738-82562', '2013-05-27 15:25:39', 10.00, 123),
('01-9204-45202', '2014-07-12 17:39:21', 13.00, 608),
('01-9323-43873', '2015-04-30 23:35:52', 20.00, 727),
('01-9339-84783', '2015-11-27 06:18:12', 21.00, 127),
('01-9460-69112', '2015-10-06 21:57:29', 16.00, 170),
('01-9796-54593', '2013-04-18 02:25:46', 21.00, 616),
('02-0010-58222', '2013-05-09 21:46:36', 19.00, 977),
('02-0247-11162', '2013-01-11 19:43:08', 17.00, 968),
('02-0657-87303', '2014-01-06 17:17:20', 23.00, 825),
('02-0832-50823', '2015-06-13 11:55:22', 30.00, 703),
('02-1428-29902', '2014-06-28 09:49:48', 17.00, 181),
('02-1729-49342', '2014-10-04 04:29:26', 13.00, 755),
('02-1736-48782', '2014-01-24 05:32:48', 12.00, 69),
('02-1770-12053', '2013-12-22 06:39:10', 31.00, 355),
('02-1833-53793', '2014-04-18 14:26:14', 27.00, 438),
('02-2043-71863', '2015-07-26 10:34:56', 30.00, 464),
('02-2056-54772', '2013-05-01 11:21:11', 19.00, 186),
('02-2307-00323', '2013-07-02 13:19:17', 31.00, 372),
('02-2656-75902', '2012-10-13 01:30:57', 10.00, 60),
('02-2818-27312', '2015-09-15 05:45:04', 18.00, 628),
('02-3151-94913', '2013-05-03 06:13:49', 36.00, 585),
('02-3253-66733', '2013-12-09 08:23:53', 27.00, 383),
('02-3305-99403', '2015-12-10 11:50:08', 21.00, 169),
('02-3735-83342', '2013-07-15 22:12:50', 16.00, 606),
('02-3944-10463', '2013-05-10 22:09:30', 38.00, 725),
('02-4156-66732', '2013-06-03 00:24:27', 15.00, 102),
('02-4435-75643', '2014-02-06 11:57:41', 23.00, 224),
('02-4462-85033', '2014-04-10 06:50:37', 34.00, 93),
('02-4477-83973', '2013-02-07 16:50:16', 24.00, 120),
('02-4860-29673', '2015-09-23 02:44:26', 32.00, 973),
('02-5022-28342', '2015-05-04 21:05:13', 19.00, 656),
('02-5090-93622', '2013-01-29 23:54:23', 19.00, 202),
('02-5485-67402', '2013-06-09 22:09:00', 14.00, 47),
('02-5486-56493', '2014-01-09 11:41:31', 33.00, 789),
('02-5521-12133', '2015-03-11 01:12:22', 21.00, 982),
('02-5539-74842', '2013-06-22 11:55:57', 16.00, 449),
('02-5953-24803', '2013-02-27 08:06:34', 29.00, 447),
('02-5995-50413', '2015-11-06 09:12:26', 26.00, 861),
('02-6855-01273', '2014-03-07 10:50:11', 25.00, 188),
('02-6987-70893', '2012-10-12 17:17:29', 26.00, 567),
('02-7013-76982', '2014-12-12 15:42:53', 14.00, 88),
('02-7428-98222', '2013-11-22 06:06:56', 13.00, 639),
('02-7546-50163', '2015-11-03 16:14:58', 30.00, 363),
('02-7625-68333', '2014-08-15 06:57:35', 21.00, 722),
('02-7720-04823', '2013-01-30 20:48:37', 39.00, 353),
('02-7844-52413', '2014-10-25 14:40:40', 38.00, 28),
('02-8014-77683', '2014-05-06 11:22:15', 26.00, 234),
('02-8354-48432', '2013-02-15 16:04:52', 13.00, 497),
('02-8384-75063', '2013-03-04 02:55:18', 21.00, 509),
('02-8426-49182', '2015-10-12 11:38:12', 20.00, 530),
('02-8444-60623', '2012-10-24 06:10:21', 20.00, 760),
('02-8616-88362', '2015-10-22 10:01:51', 17.00, 21),
('02-8678-20732', '2015-03-20 21:23:44', 16.00, 642),
('02-8755-49112', '2013-03-04 15:14:44', 13.00, 210),
('02-8761-59573', '2013-09-19 00:48:52', 39.00, 998),
('02-8814-16723', '2014-11-08 05:02:57', 37.00, 686),
('02-9107-60963', '2014-07-03 07:03:16', 23.00, 598),
('02-9181-92062', '2014-05-01 22:32:53', 12.00, 193),
('02-9281-03492', '2015-07-19 16:46:11', 16.00, 490),
('02-9564-40683', '2012-10-08 03:18:34', 27.00, 206),
('02-9687-60332', '2014-06-02 16:52:04', 15.00, 694),
('02-9909-53152', '2013-09-17 15:43:15', 14.00, 550),
('03-0217-58872', '2013-03-03 20:55:23', 13.00, 716),
('03-0501-19543', '2014-03-27 15:07:20', 25.00, 242),
('03-0812-88532', '2014-05-20 08:51:19', 10.00, 257),
('03-0966-08312', '2015-08-06 13:59:03', 16.00, 325),
('03-1071-16392', '2014-10-29 04:09:20', 15.00, 622),
('03-1097-87422', '2012-12-06 13:14:31', 15.00, 698),
('03-1338-18713', '2015-08-12 11:36:54', 25.00, 871),
('03-1430-74662', '2012-11-24 07:42:29', 16.00, 818),
('03-1504-40063', '2014-11-07 07:27:52', 26.00, 817),
('03-1662-78753', '2012-11-25 13:17:00', 32.00, 26),
('03-1743-18822', '2014-01-19 01:49:05', 18.00, 61),
('03-1872-80383', '2013-12-18 22:57:17', 35.00, 275),
('03-1995-81813', '2014-01-15 05:39:33', 33.00, 910),
('03-2122-51453', '2014-05-27 03:50:31', 33.00, 600),
('03-2390-97492', '2015-01-11 23:15:31', 19.00, 942),
('03-2994-42342', '2014-09-13 15:28:12', 14.00, 607),
('03-3198-57312', '2015-07-20 02:57:57', 16.00, 173),
('03-3270-24022', '2015-04-27 16:00:32', 11.00, 524),
('03-3293-00913', '2013-05-10 17:51:17', 32.00, 296),
('03-3825-36473', '2014-11-29 09:11:28', 25.00, 190),
('03-3847-04572', '2013-10-06 07:55:41', 18.00, 216),
('03-3943-90042', '2013-03-12 15:08:41', 14.00, 415),
('03-3956-28752', '2012-11-22 17:12:45', 13.00, 479),
('03-4117-91982', '2012-10-30 04:42:16', 14.00, 176),
('03-4192-63462', '2014-09-12 03:27:42', 18.00, 951),
('03-4576-41753', '2013-01-10 12:09:20', 20.00, 691),
('03-4920-41483', '2015-07-27 01:19:25', 28.00, 361),
('03-5352-90593', '2013-04-01 16:21:52', 23.00, 566),
('03-5359-94102', '2013-08-05 10:37:00', 13.00, 407),
('03-5687-32143', '2014-11-29 10:20:41', 26.00, 961),
('03-6448-89943', '2013-10-09 06:55:44', 24.00, 256),
('03-6471-18513', '2013-05-25 00:37:31', 23.00, 427),
('03-6540-98723', '2014-06-13 00:39:26', 24.00, 350),
('03-6680-76643', '2014-10-16 10:24:23', 27.00, 379),
('03-7018-17792', '2014-10-11 16:50:33', 20.00, 836),
('03-7022-77613', '2015-09-08 02:19:14', 25.00, 49),
('03-7222-63612', '2013-07-31 23:38:40', 19.00, 2),
('03-7666-73432', '2015-06-09 04:08:26', 19.00, 112),
('03-7810-91203', '2014-03-01 00:32:17', 28.00, 763),
('03-7914-73262', '2014-12-25 22:29:10', 20.00, 462),
('03-7975-35893', '2014-07-07 11:36:16', 23.00, 732),
('03-8376-80732', '2014-12-16 14:10:33', 17.00, 810),
('03-8523-10382', '2015-08-08 23:01:53', 15.00, 145),
('03-8781-65052', '2014-12-08 09:43:09', 14.00, 588),
('03-9162-44312', '2015-09-09 06:21:44', 13.00, 290),
('03-9180-15752', '2014-02-26 14:39:31', 17.00, 773),
('03-9353-64102', '2014-09-22 11:46:59', 12.00, 54),
('03-9389-59632', '2013-09-01 17:00:51', 11.00, 920),
('03-9972-15583', '2012-11-04 15:31:20', 33.00, 346),
('04-0422-42953', '2013-01-24 03:54:33', 37.00, 203),
('04-0556-70933', '2014-03-31 19:00:52', 35.00, 513),
('04-0626-77982', '2014-11-21 06:12:21', 14.00, 529),
('04-0852-56573', '2012-11-09 13:41:21', 34.00, 790),
('04-1015-21513', '2012-10-21 05:01:38', 22.00, 417),
('04-1041-49562', '2013-09-28 00:28:46', 17.00, 38),
('04-1453-44072', '2013-08-15 23:23:47', 20.00, 650),
('04-1568-25883', '2013-07-16 23:09:11', 27.00, 595),
('04-1621-89342', '2015-01-28 07:30:11', 19.00, 613),
('04-1783-87552', '2015-05-23 12:22:50', 20.00, 67),
('04-1808-78252', '2014-06-27 18:27:47', 10.00, 227),
('04-2025-32143', '2015-07-26 07:48:15', 21.00, 66),
('04-2100-61953', '2013-10-09 17:18:59', 38.00, 171),
('04-2338-21642', '2013-05-22 05:20:13', 13.00, 456),
('04-2579-83383', '2015-12-12 08:22:37', 40.00, 605),
('04-2580-83203', '2013-05-04 07:01:34', 40.00, 39),
('04-2658-09983', '2015-03-10 15:42:26', 39.00, 914),
('04-3232-03823', '2013-12-05 03:06:50', 30.00, 855),
('04-3457-84202', '2015-10-08 14:57:31', 17.00, 623),
('04-3468-35202', '2015-08-02 18:52:11', 17.00, 84),
('04-3486-04743', '2015-11-27 17:39:02', 32.00, 890),
('04-3533-49063', '2013-06-26 13:00:43', 35.00, 682),
('04-3605-68382', '2014-11-28 05:35:19', 15.00, 40),
('04-3844-74383', '2014-10-08 02:02:25', 21.00, 849),
('04-4065-66023', '2015-11-20 01:51:26', 29.00, 560),
('04-4377-73553', '2015-12-16 17:29:03', 32.00, 902),
('04-5619-31113', '2014-12-02 12:50:19', 26.00, 162),
('04-5841-77992', '2013-08-15 11:24:17', 17.00, 536),
('04-5871-64032', '2014-02-21 07:00:04', 10.00, 142),
('04-6065-30222', '2013-06-20 02:44:23', 19.00, 610),
('04-6295-84793', '2014-02-25 10:59:27', 28.00, 683),
('04-6496-46103', '2015-10-24 17:55:20', 36.00, 868),
('04-6638-03853', '2015-08-11 07:19:01', 26.00, 254),
('04-6676-83982', '2015-10-15 20:26:14', 15.00, 824),
('04-6955-30413', '2013-04-23 18:07:54', 34.00, 391),
('04-7014-12262', '2012-12-29 02:29:25', 20.00, 160),
('04-7141-88173', '2014-09-24 10:16:03', 35.00, 471),
('04-7287-57983', '2014-02-26 14:30:04', 35.00, 269),
('04-7393-56773', '2014-08-22 02:13:25', 25.00, 392),
('04-7517-41162', '2015-12-04 23:15:14', 12.00, 993),
('04-7731-59262', '2013-03-10 11:29:00', 16.00, 734),
('04-7920-38103', '2014-04-07 10:08:58', 20.00, 700),
('04-8174-07803', '2012-10-12 17:37:01', 35.00, 470),
('04-8503-46853', '2014-02-27 06:52:10', 32.00, 245),
('04-8822-27173', '2013-07-06 22:30:02', 28.00, 132),
('04-8864-54632', '2013-10-30 15:42:30', 10.00, 832),
('04-9034-72213', '2015-07-16 17:17:53', 20.00, 889),
('04-9182-14743', '2014-03-23 05:25:49', 30.00, 614),
('04-9711-37353', '2013-06-16 12:34:31', 35.00, 969),
('05-0037-78722', '2015-09-03 04:42:15', 19.00, 274),
('05-0093-48193', '2014-06-28 07:37:06', 40.00, 207),
('05-0122-93262', '2015-10-03 04:29:46', 12.00, 768),
('05-0216-20173', '2015-09-23 08:53:11', 32.00, 820),
('05-0290-67622', '2013-11-11 02:38:40', 18.00, 369),
('05-0304-06442', '2013-07-31 11:39:01', 17.00, 119),
('05-0402-46122', '2014-09-10 08:27:08', 18.00, 676),
('05-0820-91232', '2014-08-25 16:21:25', 14.00, 285),
('05-0968-69802', '2015-01-11 19:52:30', 17.00, 707),
('05-0968-86132', '2014-07-28 10:50:57', 17.00, 121),
('05-1086-17352', '2015-08-09 10:46:04', 20.00, 720),
('05-1872-28982', '2014-01-07 10:46:41', 10.00, 481),
('05-2108-40492', '2013-08-20 22:28:37', 18.00, 51),
('05-2292-04423', '2013-10-01 22:06:19', 29.00, 795),
('05-2397-09003', '2014-03-28 06:34:16', 30.00, 809),
('05-2783-80783', '2013-02-07 07:01:54', 25.00, 854),
('05-2939-72083', '2013-12-27 05:44:51', 29.00, 422),
('05-3043-25152', '2014-01-27 09:54:36', 18.00, 175),
('05-3243-67583', '2013-07-20 14:59:07', 38.00, 643),
('05-3570-68983', '2013-03-06 08:57:23', 21.00, 508),
('05-3836-87173', '2015-06-28 17:05:42', 24.00, 386),
('05-3873-23543', '2015-09-03 04:15:21', 37.00, 437),
('05-3925-47542', '2013-08-10 06:29:22', 19.00, 688),
('05-4025-41632', '2013-08-20 03:56:06', 15.00, 110),
('05-4273-93922', '2014-01-02 04:58:51', 10.00, 27),
('05-4373-18283', '2015-10-10 04:40:04', 24.00, 163),
('05-4760-30453', '2013-07-06 04:06:49', 38.00, 936),
('05-5054-58662', '2013-07-27 11:24:30', 13.00, 802),
('05-5188-48022', '2014-04-04 20:13:51', 18.00, 850),
('05-5248-51843', '2012-10-07 11:19:52', 20.00, 777),
('05-5348-17433', '2013-09-23 14:13:04', 29.00, 461),
('05-5411-16773', '2013-02-07 03:45:18', 32.00, 884),
('05-5436-83682', '2015-06-24 20:21:38', 14.00, 511),
('05-5999-63113', '2014-10-29 03:56:12', 26.00, 483),
('05-6149-17883', '2014-10-03 13:30:48', 37.00, 222),
('05-6371-03542', '2012-12-30 13:38:05', 13.00, 586),
('05-6640-58432', '2013-02-28 22:29:13', 15.00, 528),
('05-6833-82483', '2014-05-06 18:55:09', 39.00, 433),
('05-7013-45672', '2013-01-02 08:52:50', 13.00, 146),
('05-7767-87383', '2014-06-14 10:06:33', 31.00, 751),
('05-8297-47812', '2015-10-26 14:32:13', 20.00, 677),
('05-8357-98732', '2013-01-28 03:39:21', 17.00, 25),
('05-8750-33753', '2015-01-13 01:46:46', 24.00, 971),
('05-8750-75103', '2015-08-29 08:32:01', 39.00, 455),
('05-8799-48872', '2015-04-27 02:09:13', 19.00, 826),
('05-8950-33973', '2013-12-19 19:42:47', 26.00, 744),
('05-9407-75082', '2014-09-08 22:06:09', 20.00, 640),
('05-9777-52733', '2013-04-24 21:58:45', 32.00, 970),
('05-9904-54512', '2013-03-24 17:15:29', 14.00, 425),
('06-0108-46143', '2015-03-08 19:53:01', 35.00, 904),
('06-0120-62233', '2015-12-22 17:31:02', 26.00, 237),
('06-0485-32933', '2015-08-24 11:25:17', 29.00, 79),
('06-0971-55622', '2012-10-05 23:08:13', 18.00, 943),
('06-0981-76753', '2014-08-04 07:01:56', 38.00, 315),
('06-1541-13703', '2015-06-07 14:07:26', 37.00, 675),
('06-1545-97392', '2014-11-25 03:05:57', 12.00, 959),
('06-1610-39542', '2015-01-31 22:46:37', 15.00, 454),
('06-1901-41893', '2015-06-04 04:06:04', 38.00, 541),
('06-2000-59132', '2015-04-25 22:44:06', 13.00, 328),
('06-2204-39143', '2013-11-24 16:09:13', 35.00, 496),
('06-2805-74093', '2014-01-06 19:19:59', 24.00, 399),
('06-3195-83432', '2015-06-24 19:54:04', 13.00, 801),
('06-3384-81373', '2013-08-02 17:52:18', 27.00, 979),
('06-3592-47773', '2015-08-18 02:46:58', 26.00, 239),
('06-3689-14032', '2013-10-19 06:05:27', 20.00, 3),
('06-4025-08022', '2014-05-01 21:40:26', 13.00, 788),
('06-4219-10273', '2014-11-23 02:24:18', 26.00, 924),
('06-4422-91973', '2013-12-27 19:16:59', 24.00, 872),
('06-4569-91152', '2014-12-24 22:11:35', 16.00, 637),
('06-5010-47543', '2014-06-23 06:24:54', 32.00, 220),
('06-5481-55892', '2013-01-31 01:57:28', 20.00, 128),
('06-5769-81963', '2012-11-14 23:10:43', 33.00, 611),
('06-5963-86932', '2014-02-03 06:11:35', 11.00, 829),
('06-6050-89653', '2014-04-28 19:25:24', 29.00, 709),
('06-6294-14862', '2015-12-30 20:22:53', 20.00, 499),
('06-6820-21322', '2015-03-26 17:33:35', 14.00, 473),
('06-7747-28733', '2015-06-19 10:26:14', 20.00, 286),
('06-8120-78433', '2014-10-12 22:49:50', 23.00, 70),
('06-8289-20282', '2015-12-08 15:35:04', 17.00, 320),
('06-8640-88623', '2013-12-12 18:02:14', 38.00, 865),
('06-8743-14303', '2014-01-23 04:20:35', 40.00, 412),
('06-8790-58893', '2013-02-24 04:22:05', 39.00, 862),
('06-8924-88773', '2013-03-27 10:25:48', 33.00, 312),
('06-9007-70523', '2015-03-09 17:54:41', 26.00, 522),
('06-9736-71943', '2015-09-10 00:39:35', 25.00, 91),
('06-9925-25672', '2014-08-27 12:36:59', 19.00, 523),
('07-0179-67572', '2013-07-11 11:00:01', 10.00, 673),
('07-0851-22073', '2012-11-23 11:20:55', 39.00, 838),
('07-0892-58432', '2015-05-16 16:47:00', 20.00, 68),
('07-0919-75152', '2014-07-18 09:51:48', 19.00, 833),
('07-1036-92462', '2014-11-21 19:35:28', 17.00, 845),
('07-1037-33003', '2014-05-06 14:04:10', 40.00, 448),
('07-1142-85093', '2012-10-16 07:18:37', 31.00, 204),
('07-1485-35953', '2015-03-31 12:14:07', 40.00, 651),
('07-1498-39893', '2015-10-26 10:02:44', 20.00, 930),
('07-2032-89682', '2015-05-29 06:13:58', 16.00, 672),
('07-2390-53813', '2013-10-02 08:54:01', 40.00, 398),
('07-2456-75922', '2013-12-19 06:33:40', 16.00, 225),
('07-2476-84593', '2015-07-01 22:57:55', 21.00, 484),
('07-2748-08912', '2015-02-21 03:14:24', 12.00, 975),
('07-3339-01823', '2015-11-18 17:41:20', 20.00, 834),
('07-3367-76713', '2013-11-10 01:02:13', 20.00, 724),
('07-3624-48932', '2013-11-26 14:48:39', 11.00, 689),
('07-4014-62383', '2013-09-05 15:32:05', 34.00, 423),
('07-4385-66723', '2012-10-28 04:58:12', 40.00, 90),
('07-4426-95433', '2012-11-26 21:51:15', 36.00, 571),
('07-4526-12673', '2013-03-15 00:07:10', 35.00, 721),
('07-4822-77512', '2013-02-23 20:08:10', 14.00, 373),
('07-5734-30172', '2013-09-06 03:13:50', 20.00, 281),
('07-6090-13012', '2015-05-23 07:35:46', 18.00, 549),
('07-6153-46953', '2013-03-30 06:35:24', 26.00, 991),
('07-6168-20573', '2013-06-25 16:34:07', 40.00, 157),
('07-6786-31522', '2013-06-28 13:09:27', 11.00, 835),
('07-6790-84103', '2014-07-06 10:40:03', 39.00, 927),
('07-7487-30862', '2015-04-14 04:13:12', 18.00, 635),
('07-8139-21572', '2015-11-23 14:13:20', 20.00, 108),
('07-8174-35203', '2014-10-10 20:31:00', 27.00, 374),
('07-8538-97173', '2014-06-26 03:12:09', 39.00, 387),
('07-8704-12993', '2014-02-04 18:21:07', 21.00, 960),
('07-9089-25132', '2015-07-07 14:01:24', 12.00, 158),
('07-9377-16182', '2013-09-18 19:59:09', 11.00, 334),
('07-9548-57942', '2014-11-20 15:41:22', 16.00, 326),
('07-9798-93972', '2013-10-14 12:17:18', 17.00, 525),
('07-9838-38263', '2015-09-05 00:54:43', 30.00, 775),
('08-0060-56823', '2015-07-04 08:57:31', 24.00, 151),
('08-0276-01642', '2012-11-07 23:44:57', 12.00, 214),
('08-0650-26653', '2014-10-31 13:23:56', 35.00, 887),
('08-0689-29472', '2013-03-11 11:19:48', 10.00, 963),
('08-0794-10953', '2015-06-04 13:51:09', 28.00, 917),
('08-0902-77982', '2013-05-27 13:01:37', 10.00, 82),
('08-1244-58452', '2013-12-24 11:27:02', 18.00, 503),
('08-2019-30352', '2015-11-10 02:53:47', 18.00, 109),
('08-2113-67383', '2015-03-01 13:03:18', 32.00, 516),
('08-2262-05212', '2013-09-27 16:44:13', 14.00, 933),
('08-2591-42762', '2013-06-08 20:56:53', 19.00, 808),
('08-2628-26022', '2014-01-19 23:24:00', 19.00, 580),
('08-2830-32312', '2015-01-06 02:35:08', 16.00, 311),
('08-2890-15563', '2015-08-19 04:06:03', 29.00, 322),
('08-2891-72393', '2015-01-28 13:40:04', 40.00, 166),
('08-3015-07362', '2015-01-21 08:42:49', 11.00, 526),
('08-3135-63433', '2014-07-30 08:20:24', 37.00, 411),
('08-3194-92572', '2015-09-02 21:33:22', 13.00, 182),
('08-3278-65252', '2014-04-14 07:41:16', 20.00, 144),
('08-3583-97423', '2014-03-04 11:07:10', 29.00, 419),
('08-4011-49122', '2013-01-22 12:35:36', 14.00, 821),
('08-4315-54482', '2013-06-15 00:46:41', 12.00, 987),
('08-4679-49863', '2013-05-10 09:51:29', 36.00, 718),
('08-4694-29033', '2015-03-25 16:52:40', 30.00, 165),
('08-4858-63892', '2015-05-28 03:16:25', 17.00, 665),
('08-4913-80183', '2014-01-07 00:38:13', 28.00, 333),
('08-4920-13813', '2015-11-04 19:04:06', 35.00, 811),
('08-4943-79003', '2013-07-04 14:10:45', 37.00, 912),
('08-4965-64113', '2015-01-19 18:35:45', 37.00, 87),
('08-5052-36833', '2015-03-24 01:49:40', 39.00, 64),
('08-5108-19903', '2013-02-22 04:59:59', 35.00, 253),
('08-5244-53662', '2015-08-15 14:25:27', 13.00, 240),
('08-5257-90812', '2014-10-31 21:09:53', 17.00, 184),
('08-5289-36793', '2012-10-19 19:59:54', 30.00, 115),
('08-5346-79243', '2015-05-14 00:47:46', 20.00, 867),
('08-5385-38813', '2013-07-07 03:25:45', 36.00, 945),
('08-5441-56033', '2015-10-08 21:57:30', 29.00, 354),
('08-5698-16102', '2014-04-28 00:43:16', 19.00, 313),
('08-5920-53882', '2013-12-19 23:01:39', 16.00, 136),
('08-6015-57583', '2015-05-26 00:59:40', 31.00, 233),
('08-6140-17323', '2013-03-09 08:37:18', 26.00, 894),
('08-6143-90052', '2015-03-20 04:43:11', 20.00, 521),
('08-6573-69143', '2015-12-17 02:53:05', 34.00, 29),
('08-6971-74083', '2015-01-26 10:54:59', 24.00, 107),
('08-7075-91053', '2014-07-18 20:13:01', 40.00, 978),
('08-7158-04623', '2014-11-15 22:19:45', 33.00, 992),
('08-7659-64882', '2013-04-15 16:57:11', 12.00, 421),
('08-8314-71752', '2015-10-15 13:26:51', 12.00, 272),
('08-8469-15803', '2015-12-16 08:59:01', 39.00, 756),
('08-8801-00443', '2013-02-27 02:08:55', 20.00, 591),
('08-8827-12073', '2014-10-02 23:22:42', 36.00, 289),
('08-8863-17393', '2013-05-27 04:43:24', 27.00, 161),
('08-8967-83213', '2013-03-06 03:44:36', 32.00, 201),
('08-9163-18713', '2012-12-23 02:40:51', 28.00, 396),
('08-9339-35622', '2013-05-09 02:00:40', 20.00, 653),
('08-9350-69183', '2014-01-14 03:53:41', 34.00, 217),
('08-9414-08992', '2013-01-23 02:22:25', 14.00, 738),
('08-9599-10393', '2015-05-22 23:37:07', 29.00, 746),
('08-9634-79372', '2013-11-16 23:14:43', 20.00, 305),
('08-9651-12673', '2015-12-21 13:14:48', 33.00, 937),
('09-0032-02322', '2013-01-20 22:04:51', 19.00, 138),
('09-0086-60242', '2014-10-02 03:44:33', 11.00, 934),
('09-0310-69642', '2012-10-12 11:01:02', 15.00, 179),
('09-0328-77332', '2015-01-15 04:13:17', 16.00, 347),
('09-0423-30192', '2014-01-27 09:36:42', 20.00, 939),
('09-0570-23702', '2015-05-24 07:09:30', 16.00, 152),
('09-1338-12623', '2015-03-13 22:15:04', 21.00, 420),
('09-1888-39062', '2015-05-11 23:03:30', 17.00, 603),
('09-2727-70493', '2015-01-18 21:46:53', 39.00, 362),
('09-2876-57332', '2015-10-10 02:27:12', 11.00, 909),
('09-3087-51482', '2015-02-16 03:50:05', 20.00, 915),
('09-3118-00482', '2013-09-23 05:22:53', 19.00, 844),
('09-3272-83453', '2014-01-11 03:35:04', 20.00, 515),
('09-3286-22322', '2015-09-13 03:43:38', 13.00, 592),
('09-3344-10783', '2015-09-11 12:06:32', 28.00, 10),
('09-3587-51722', '2015-07-04 12:03:48', 15.00, 574),
('09-3789-76992', '2014-07-25 19:57:36', 14.00, 340),
('09-3960-21442', '2013-07-19 20:45:09', 17.00, 823),
('09-4170-61633', '2013-08-19 08:05:01', 40.00, 705),
('09-4461-37413', '2014-07-03 15:43:33', 36.00, 800),
('09-4568-82083', '2014-06-19 21:43:07', 20.00, 56),
('09-4570-78303', '2013-11-01 05:48:41', 36.00, 228),
('09-5054-22773', '2014-12-04 19:30:21', 24.00, 213),
('09-5666-51123', '2015-07-24 21:14:07', 40.00, 667),
('09-5742-25783', '2014-07-25 04:50:52', 29.00, 953),
('09-5756-88833', '2015-03-09 10:58:36', 23.00, 583),
('09-5929-57293', '2013-12-27 02:49:14', 30.00, 906),
('09-5989-16263', '2014-11-16 03:19:12', 24.00, 443),
('09-6090-74943', '2014-05-28 02:00:21', 32.00, 458),
('09-6497-36842', '2014-05-18 21:53:20', 15.00, 766),
('09-6565-90702', '2013-10-15 03:27:02', 12.00, 360),
('09-6569-51872', '2013-01-03 12:42:05', 11.00, 615),
('09-6612-19802', '2015-07-29 08:21:23', 12.00, 501),
('09-6839-36072', '2013-12-31 12:22:48', 12.00, 352),
('09-6915-37713', '2015-08-14 09:11:13', 29.00, 941),
('09-6959-90743', '2015-02-25 21:53:26', 30.00, 266),
('09-7096-08602', '2014-11-13 16:27:38', 14.00, 99),
('09-7178-80032', '2014-03-09 00:06:00', 18.00, 308),
('09-7456-11383', '2014-04-30 17:18:51', 25.00, 710),
('09-7490-30193', '2014-07-26 12:06:02', 21.00, 129),
('09-7567-08442', '2013-02-17 00:22:03', 15.00, 745),
('09-7658-53212', '2013-01-16 04:18:48', 15.00, 265),
('09-7880-41862', '2015-05-29 06:32:12', 20.00, 929),
('09-7992-49733', '2014-03-02 08:32:02', 34.00, 554),
('09-7992-66133', '2015-11-11 04:55:46', 21.00, 105),
('09-8010-16452', '2013-02-14 21:51:00', 19.00, 946),
('09-8033-01002', '2015-12-15 00:46:01', 13.00, 244),
('09-8135-29112', '2014-06-04 22:07:26', 19.00, 785),
('09-8434-50392', '2012-10-23 05:32:21', 10.00, 719),
('09-8574-02242', '2015-07-05 11:24:02', 14.00, 803),
('09-8851-40773', '2014-02-02 22:41:55', 28.00, 537),
('09-9221-54102', '2013-02-24 20:32:21', 20.00, 877),
('09-9314-89342', '2012-10-24 02:40:14', 18.00, 299),
('09-9436-44232', '2013-03-22 08:11:18', 15.00, 30),
('09-9467-98573', '2013-02-14 11:41:58', 39.00, 215),
('09-9658-92063', '2014-04-22 19:23:05', 39.00, 796),
('09-9729-57332', '2014-07-01 13:41:02', 19.00, 80),
('09-9739-88403', '2014-05-14 22:02:40', 24.00, 706);

-- --------------------------------------------------------

--
-- Table structure for table `media`
--

CREATE TABLE IF NOT EXISTS `media` (
  `mediaId` int(128) NOT NULL AUTO_INCREMENT,
  `mediaTitle` varchar(64) NOT NULL,
  `artist` varchar(128) NOT NULL,
  `year` int(8) NOT NULL,
  `fileSize` float(32,2) NOT NULL,
  `mediaType` varchar(32) NOT NULL,
  `categoryId` int(16) NOT NULL,
  `mediaPriceId` int(16) NOT NULL,
  `saleType` varchar(32) NOT NULL,
  `mediaPath` varchar(1024) NOT NULL,
  `priceSetDate` datetime NOT NULL,
  PRIMARY KEY (`mediaId`)
) ENGINE=InnoDB  DEFAULT CHARSET=latin1 AUTO_INCREMENT=31 ;

--
-- Dumping data for table `media`
--

INSERT INTO `media` (`mediaId`, `mediaTitle`, `artist`, `year`, `fileSize`, `mediaType`, `categoryId`, `mediaPriceId`, `saleType`, `mediaPath`, `priceSetDate`) VALUES
(1, 'St. Vincent', 'Melissa McCarthy', 2014, 700.00, 'movie', 1, 3, 'retail', 'D:/Movies/Comedy/St_Vincent.avi', '2015-12-02 05:20:54'),
(2, 'marlboro', 'st vincent', 2012, 10.00, 'music', 15, 25, 'retail', 'D://work//music//marlboro.mp4', '2015-12-02 05:25:59'),
(3, 'Horrible Bosses 2', 'Jason Bateman', 2011, 789.00, 'movie', 4, 77, 'sale', 'D:/Movies/Comedy/HorribleBosses2.avi', '2015-12-02 05:21:03'),
(4, 'The Wizard of Oz', 'Mila Kunis', 2010, 876.00, 'movie', 8, 43, 'retail', 'D:/Movies/TheWizardOfOz.mp4', '2015-12-02 05:21:14'),
(5, 'mama mia', 'michael jackson', 2000, 5.00, 'music', 20, 20, 'sale', 'D:/desktop/mamamia.mp3', '2015-12-02 05:17:51'),
(6, 'Hello', 'Adele', 2015, 2.81, 'music', 22, 66, 'sale', 'D:/music/hello.mp3', '2015-12-02 05:26:38'),
(7, 'My heart will go on', 'Celine Dion', 1990, 2.89, 'music', 20, 12, 'sale', 'E:/songs/MyHeartWillGoOn.mp3', '2015-12-02 03:24:38'),
(8, 'stick fun', 'alicia makul', 2006, 3.00, 'movie', 5, 5, 'retail', 'https://randomuser.me/api/portraits/women/25.jpg', '2015-12-02 05:21:29'),
(9, 'Blank Space', 'Taylor Swift', 2015, 3.00, 'music', 16, 112, 'sale', 'E:/Songs/BlankSpace.mp4', '2015-12-02 05:27:07'),
(10, 'Style', 'Taylor Swift', 2015, 2.80, 'music', 15, 124, 'retail', 'D:/Songs/Style.avi', '2015-12-02 05:27:16'),
(11, 'Spectre', 'Daniel Creig', 2015, 876.00, 'movie', 3, 157, 'sale', 'E:/Movies/Spectre.avi', '2015-12-02 05:27:26'),
(12, 'mru ddla', 'kanti', 1996, 2.00, 'music', 13, 10, 'saleprice', 'https://randomuser.me/api/portraits/thumb/women/25.mp3', '2015-12-02 05:27:35'),
(13, 'Hotline Bling', 'Drake', 2015, 4.00, 'music', 16, 44, 'retail', 'D:/music/holinebling.mp3', '2015-12-02 05:24:17'),
(14, 'Sorry', 'Justin Beiber', 2015, 2.45, 'music', 17, 34, 'retail', 'E:/songs/sorry.mp3', '2015-12-02 05:28:14'),
(15, 'Dew peace', 'enrique', 2004, 1.00, 'movie', 11, 17, 'saleprice', 'https://api.soundcloud.com/playlists/405736.avi', '2015-12-02 03:24:38'),
(16, 'locked away', 'adam', 2015, 2.00, 'music', 12, 89, 'sale', 'D:/music/lockedaway.mp3', '2015-12-02 05:29:10'),
(17, 'Love story', 'Tailor suit', 199, 8.00, 'music', 20, 24, 'retail', 'http://soundcloud.com/cease2xist.mp4', '2015-12-02 03:24:38'),
(18, 'Wrecking Ball', 'Miley Cyrus', 2013, 2.67, 'music', 19, 62, 'retail', 'D:/music/wrecking_ball.mp3', '2015-12-02 05:29:50'),
(19, 'Without You', 'Usher', 2012, 1.87, 'music', 24, 122, 'sale', 'E:/songs/WithoutYou.mp4', '2015-12-02 05:31:11'),
(20, 'dont', 'Ed Sheeran', 2014, 8.00, 'music', 13, 68, 'sale', 'D:/music/dont.mp3', '2015-12-02 05:31:14'),
(21, 'Make me hungry', 'McDonald', 1979, 1.00, 'music', 24, 30, 'retail', 'http://soundcloud.com/cease2xist/sets/living-by-the-bullet-ep.mp3', '2015-12-02 03:24:38'),
(22, 'burning gold', 'christina', 2013, 8.00, 'music', 24, 76, 'sale', 'D;/music/burninggold.mp3', '2015-12-02 05:33:05'),
(23, 'Baby', 'Justin Beiber', 2010, 2.12, 'music', 23, 145, 'sale', 'D:/songs/baby.mp3', '2015-12-02 05:33:05'),
(24, 'Dar ke aage jeet hai', 'Dew', 2005, 3.00, 'music', 16, 26, 'saleprice', 'https://i1.sndcdn.com/avatars-000015074711-u678oh-large.mp4', '2015-12-02 03:24:38'),
(25, 'Skyfall', 'Adele', 2013, 3.01, 'music', 13, 166, 'sale', 'D:/music/skyfall.mp3', '2015-12-02 05:34:37'),
(26, 'ghost protocol', 'tom cruise', 2011, 8.00, 'movie', 7, 56, 'retail', 'D:/movies/ghostprotocol.avi', '2015-12-02 05:36:55'),
(27, 'Inside out', 'udit kumar swamy', 2009, 1.00, 'movie', 10, 29, 'saleprice', 'https://api.soundcloud.com/tracks/6622601.mpeg', '2015-12-02 03:24:38'),
(28, 'Avengers', 'groot', 2014, 78.00, 'movie', 9, 74, 'sale', 'D:/movies/avengers.avi', '2015-12-02 05:39:15'),
(29, 'Vampire Fun', 'Lautner', 2013, 6.00, 'movie', 1, 8, 'retail', 'https://randomuser.me/api/portraits/thumb/women/25.avi', '2015-12-02 03:24:37'),
(30, 'iron man', 'robert', 2053, 98.00, 'movie', 12, 4, 'retail', 'D:/movie/ironman.mp3', '2015-12-02 05:40:38');

-- --------------------------------------------------------

--
-- Table structure for table `mediaCategory`
--

CREATE TABLE IF NOT EXISTS `mediaCategory` (
  `categoryId` int(16) NOT NULL AUTO_INCREMENT,
  `categoryName` varchar(64) NOT NULL,
  `genre` varchar(64) NOT NULL,
  PRIMARY KEY (`categoryId`,`categoryName`)
) ENGINE=InnoDB  DEFAULT CHARSET=latin1 AUTO_INCREMENT=26 ;

--
-- Dumping data for table `mediaCategory`
--

INSERT INTO `mediaCategory` (`categoryId`, `categoryName`, `genre`) VALUES
(1, 'movie', 'Crime'),
(2, 'movie', 'Drama'),
(3, 'movie', 'Fantasy'),
(4, 'movie', 'Historical'),
(5, 'movie', 'Horror'),
(6, 'movie', 'Musical'),
(7, 'movie', 'Thriller'),
(8, 'movie', 'Mystery'),
(9, 'movie', 'Science Fiction'),
(10, 'movie', 'War'),
(11, 'movie', 'Comedy'),
(12, 'movie', 'Romance'),
(13, 'music', 'Hip Hop'),
(14, 'music', 'Country'),
(15, 'music', 'Electronic'),
(16, 'music', 'Pop'),
(17, 'music', 'Rock'),
(18, 'music', 'Heavy Metal'),
(19, 'music', 'Ballad'),
(20, 'music', 'Disco'),
(21, 'music', 'Jazz'),
(22, 'music', 'House'),
(23, 'music', 'Trance'),
(24, 'music', 'R&B'),
(25, 'music', 'Indie');

-- --------------------------------------------------------

--
-- Table structure for table `mediaOrder`
--

CREATE TABLE IF NOT EXISTS `mediaOrder` (
  `mediaOrderId` int(16) NOT NULL AUTO_INCREMENT,
  `uuid` int(16) NOT NULL,
  `dateOrdered` timestamp NOT NULL DEFAULT CURRENT_TIMESTAMP ON UPDATE CURRENT_TIMESTAMP,
  `dateReceived` timestamp NOT NULL DEFAULT '0000-00-00 00:00:00',
  `totalCost` float(32,2) NOT NULL,
  `orderListId` int(16) NOT NULL,
  `orderStatus` varchar(16) NOT NULL,
  PRIMARY KEY (`mediaOrderId`)
) ENGINE=InnoDB  DEFAULT CHARSET=latin1 AUTO_INCREMENT=10 ;

--
-- Dumping data for table `mediaOrder`
--

INSERT INTO `mediaOrder` (`mediaOrderId`, `uuid`, `dateOrdered`, `dateReceived`, `totalCost`, `orderListId`, `orderStatus`) VALUES
(1, 4, '2015-09-25 17:21:51', '2015-10-01 15:44:16', 7523.00, 2, 'n'),
(2, 10, '2015-10-25 12:34:48', '2015-12-29 04:20:54', 2575.00, 2, 'n'),
(3, 26, '2015-09-07 04:44:30', '2015-12-17 19:00:53', 6600.00, 5, 'y'),
(4, 28, '2015-10-07 10:46:26', '2015-12-25 01:42:38', 9390.00, 3, 'y'),
(5, 29, '2015-09-26 14:10:00', '2015-10-18 06:04:45', 6478.00, 4, 'n'),
(6, 32, '2015-10-28 09:53:47', '2015-10-09 03:27:29', 3908.00, 3, 'y'),
(7, 39, '2015-10-01 02:18:48', '2015-11-08 07:56:54', 7716.00, 5, 'y'),
(8, 41, '2015-10-04 04:02:24', '2015-12-09 02:14:12', 4516.00, 5, 'y'),
(9, 43, '2015-10-17 03:47:17', '2015-10-11 20:06:37', 2429.00, 4, 'n');

-- --------------------------------------------------------

--
-- Table structure for table `mediaOrderList`
--

CREATE TABLE IF NOT EXISTS `mediaOrderList` (
  `orderListId` int(16) NOT NULL,
  `mediaCount` int(16) NOT NULL,
  `mediaName` varchar(64) NOT NULL,
  `mediaCategory` varchar(64) NOT NULL,
  `mediaGenre` varchar(64) NOT NULL,
  PRIMARY KEY (`orderListId`,`mediaCount`)
) ENGINE=InnoDB DEFAULT CHARSET=latin1;

--
-- Dumping data for table `mediaOrderList`
--

INSERT INTO `mediaOrderList` (`orderListId`, `mediaCount`, `mediaName`, `mediaCategory`, `mediaGenre`) VALUES
(1, 1, 'star wars', 'movie', 'War'),
(1, 2, 'ring', 'movie', 'Horror'),
(1, 3, 'rockon', 'music', 'Rock'),
(2, 1, 'metallica', 'music', 'Electronic'),
(2, 2, 'Alice in Wonderland', 'movie', 'Fantasy'),
(2, 3, 'you are free', 'music', 'Indie'),
(3, 1, 'war', 'movie', 'War'),
(3, 2, 'The dark side of the moon', 'music', 'Rock'),
(3, 3, 'silence of lambs', 'movie', 'Thriller'),
(3, 4, 'high school musical', 'movie', 'Musical'),
(3, 5, 'ready to die', 'music', 'Hip Hop'),
(4, 1, 'Braveheart', 'movie', 'Historical'),
(4, 2, 'I cant feel my face', 'music', 'Hip Hop'),
(4, 3, 'what do you mean', 'music', 'Electronic'),
(4, 4, 'focus', 'music', 'Ballad'),
(4, 5, 'the Stiches', 'music', 'Pop'),
(5, 1, 'Umbrella', 'music', 'Disco');

-- --------------------------------------------------------

--
-- Table structure for table `mediaPrice`
--

CREATE TABLE IF NOT EXISTS `mediaPrice` (
  `mediaPriceId` int(16) NOT NULL,
  `mediaId` int(16) NOT NULL,
  `date` timestamp NOT NULL DEFAULT CURRENT_TIMESTAMP ON UPDATE CURRENT_TIMESTAMP,
  `type` enum('sale','retail') NOT NULL,
  `price` float(32,2) NOT NULL,
  PRIMARY KEY (`mediaPriceId`,`date`)
) ENGINE=InnoDB DEFAULT CHARSET=latin1;

--
-- Dumping data for table `mediaPrice`
--

INSERT INTO `mediaPrice` (`mediaPriceId`, `mediaId`, `date`, `type`, `price`) VALUES
(1, 10, '2014-08-07 06:19:31', 'sale', 40.00),
(2, 13, '2012-12-26 14:19:47', 'retail', 26.00),
(3, 20, '2014-11-15 21:07:00', 'sale', 31.00),
(4, 21, '2012-10-26 02:09:57', 'retail', 21.00),
(5, 16, '2013-01-16 08:50:56', 'sale', 32.00),
(6, 27, '2015-09-27 19:28:35', 'retail', 24.00),
(7, 1, '2012-12-18 15:50:51', 'sale', 22.00),
(8, 23, '2013-05-17 09:01:48', 'retail', 33.00),
(9, 30, '2013-10-17 07:59:02', 'sale', 23.00),
(10, 27, '2015-02-23 19:19:15', 'retail', 36.00),
(11, 21, '2015-01-17 20:32:16', 'sale', 21.00),
(12, 8, '2012-10-18 08:24:05', 'retail', 30.00),
(13, 10, '2014-08-23 06:32:27', 'sale', 22.00),
(14, 30, '2014-11-05 08:06:12', 'retail', 37.00),
(15, 1, '2013-06-28 07:23:24', 'sale', 26.00),
(16, 3, '2014-02-11 17:51:06', 'retail', 24.00),
(17, 1, '2014-07-04 22:42:45', 'sale', 24.00),
(18, 3, '2013-05-19 20:17:23', 'retail', 39.00),
(19, 9, '2013-12-26 22:17:42', 'sale', 39.00),
(20, 18, '2013-03-22 13:19:10', 'retail', 37.00),
(21, 10, '2013-06-16 15:10:00', 'sale', 30.00),
(22, 2, '2015-01-10 23:29:51', 'retail', 36.00),
(23, 2, '2015-06-11 20:49:30', 'sale', 21.00),
(24, 19, '2014-10-29 07:16:56', 'retail', 21.00),
(25, 9, '2015-11-05 16:40:52', 'sale', 21.00),
(26, 16, '2013-03-30 23:47:04', 'retail', 23.00),
(27, 28, '2013-12-12 02:44:18', 'sale', 23.00),
(28, 14, '2013-10-16 07:47:22', 'retail', 25.00),
(29, 20, '2013-08-11 20:59:41', 'sale', 30.00),
(30, 2, '2013-01-14 22:31:28', 'retail', 22.00),
(31, 6, '2014-09-11 02:56:47', 'sale', 29.00),
(32, 13, '2013-12-03 09:35:10', 'retail', 29.00),
(33, 4, '2014-03-19 04:46:23', 'sale', 30.00),
(34, 28, '2014-06-09 03:37:26', 'retail', 23.00),
(35, 18, '2014-08-31 03:18:18', 'sale', 28.00),
(36, 16, '2015-03-10 07:39:54', 'retail', 39.00),
(37, 21, '2015-09-30 06:10:51', 'sale', 37.00),
(38, 2, '2013-04-21 08:41:58', 'retail', 26.00),
(39, 11, '2014-12-26 21:15:05', 'sale', 40.00),
(40, 19, '2015-05-03 20:49:15', 'retail', 20.00),
(41, 22, '2013-07-02 20:43:42', 'sale', 24.00),
(42, 10, '2015-01-11 13:30:43', 'retail', 32.00),
(43, 21, '2013-06-19 00:34:23', 'sale', 34.00),
(44, 4, '2013-12-13 08:27:11', 'retail', 33.00),
(45, 20, '2015-05-01 15:15:18', 'sale', 24.00),
(46, 7, '2015-02-04 22:22:09', 'retail', 35.00),
(47, 30, '2014-08-11 18:38:50', 'sale', 28.00),
(48, 28, '2015-08-19 21:48:07', 'retail', 29.00),
(49, 3, '2015-07-17 22:07:23', 'sale', 36.00),
(50, 23, '2015-07-30 12:54:22', 'retail', 28.00),
(51, 17, '2012-12-16 01:28:14', 'sale', 22.00),
(52, 24, '2014-11-22 23:58:59', 'retail', 29.00),
(53, 15, '2013-11-28 23:56:29', 'sale', 22.00),
(54, 22, '2015-12-14 18:10:13', 'retail', 25.00),
(55, 3, '2013-05-06 05:57:09', 'sale', 38.00),
(56, 27, '2015-09-07 00:58:08', 'retail', 22.00),
(57, 18, '2013-09-16 19:00:15', 'sale', 22.00),
(58, 6, '2015-02-15 11:47:49', 'retail', 20.00),
(59, 2, '2014-06-20 04:08:11', 'sale', 21.00),
(60, 28, '2015-11-06 13:01:04', 'retail', 37.00),
(61, 24, '2013-01-21 05:57:56', 'sale', 28.00),
(62, 26, '2014-07-16 06:55:35', 'retail', 24.00),
(63, 16, '2014-12-18 18:29:11', 'sale', 34.00),
(64, 26, '2015-10-18 16:25:08', 'retail', 28.00),
(65, 26, '2015-06-21 22:20:53', 'sale', 30.00),
(66, 1, '2015-11-26 10:34:44', 'retail', 27.00),
(67, 29, '2013-01-10 05:46:36', 'sale', 40.00),
(68, 7, '2013-02-02 10:07:21', 'retail', 22.00),
(69, 29, '2013-05-25 02:18:57', 'sale', 23.00),
(70, 15, '2012-12-05 21:36:30', 'retail', 21.00),
(71, 14, '2014-04-12 11:49:16', 'sale', 38.00),
(72, 17, '2014-12-11 11:40:56', 'retail', 35.00),
(73, 3, '2013-12-15 04:42:14', 'sale', 24.00),
(74, 24, '2015-04-11 11:27:34', 'retail', 21.00),
(75, 22, '2013-08-09 09:24:07', 'sale', 39.00),
(76, 17, '2014-10-10 09:47:12', 'retail', 40.00),
(77, 16, '2014-08-18 03:58:58', 'sale', 39.00),
(78, 18, '2015-01-11 05:38:16', 'retail', 22.00),
(79, 22, '2015-08-10 06:33:12', 'sale', 22.00),
(80, 27, '2015-11-26 22:51:11', 'retail', 32.00),
(81, 29, '2015-07-01 13:26:35', 'sale', 20.00),
(82, 13, '2014-08-05 22:47:38', 'retail', 31.00),
(83, 4, '2015-05-04 21:53:20', 'sale', 33.00),
(84, 15, '2015-08-23 04:40:11', 'retail', 28.00),
(85, 8, '2015-06-15 07:18:24', 'sale', 22.00),
(86, 16, '2015-05-15 06:45:10', 'retail', 33.00),
(87, 5, '2015-01-25 21:58:35', 'sale', 23.00),
(88, 22, '2015-07-07 18:58:58', 'retail', 36.00),
(89, 13, '2015-10-31 03:34:06', 'sale', 29.00),
(90, 9, '2014-06-25 21:52:13', 'retail', 27.00),
(91, 8, '2014-07-27 09:54:21', 'sale', 26.00),
(92, 4, '2013-02-22 15:38:28', 'retail', 35.00),
(93, 21, '2015-04-02 18:00:09', 'sale', 37.00),
(94, 15, '2013-05-08 03:28:35', 'retail', 26.00),
(95, 11, '2013-09-26 08:28:55', 'sale', 31.00),
(96, 6, '2015-11-19 01:22:01', 'retail', 21.00),
(97, 30, '2013-03-10 08:42:39', 'sale', 24.00),
(98, 22, '2015-09-07 10:17:26', 'retail', 39.00),
(99, 17, '2013-12-15 08:13:42', 'sale', 27.00),
(100, 16, '2015-02-25 01:50:25', 'retail', 33.00),
(101, 2, '2012-12-13 05:44:07', 'sale', 38.00),
(102, 19, '2015-05-20 04:44:03', 'retail', 40.00),
(103, 22, '2014-11-21 02:31:11', 'sale', 34.00),
(104, 15, '2015-12-04 23:47:44', 'retail', 22.00),
(105, 21, '2014-07-09 01:01:18', 'sale', 30.00),
(106, 30, '2014-10-09 11:36:00', 'retail', 34.00),
(107, 29, '2015-06-17 11:19:03', 'sale', 34.00),
(108, 3, '2015-03-17 22:09:25', 'retail', 28.00),
(109, 30, '2013-01-17 19:45:24', 'sale', 40.00),
(110, 11, '2015-01-31 06:40:12', 'retail', 29.00),
(111, 3, '2014-09-19 21:45:01', 'sale', 30.00),
(112, 5, '2014-09-13 01:26:26', 'retail', 22.00),
(113, 29, '2013-08-15 10:32:04', 'sale', 37.00),
(114, 19, '2014-01-27 17:55:16', 'retail', 26.00),
(115, 18, '2015-09-12 22:16:14', 'sale', 20.00),
(116, 5, '2014-09-11 23:53:22', 'retail', 40.00),
(117, 23, '2013-09-08 00:31:50', 'sale', 39.00),
(118, 18, '2014-12-26 17:10:13', 'retail', 20.00),
(119, 11, '2014-11-10 13:47:31', 'sale', 40.00),
(120, 14, '2013-02-19 11:57:51', 'retail', 27.00),
(121, 5, '2014-10-20 05:33:24', 'sale', 29.00),
(122, 24, '2015-03-03 21:28:33', 'retail', 32.00),
(123, 12, '2014-08-21 22:21:46', 'sale', 31.00),
(124, 20, '2015-09-16 21:13:15', 'retail', 23.00),
(125, 2, '2015-09-24 15:31:33', 'sale', 36.00),
(126, 29, '2015-09-09 08:45:36', 'retail', 39.00),
(127, 17, '2015-06-19 20:17:26', 'sale', 34.00),
(128, 26, '2015-07-02 05:49:42', 'retail', 25.00),
(129, 16, '2015-06-22 17:39:51', 'sale', 33.00),
(130, 6, '2013-05-05 10:01:34', 'retail', 21.00),
(131, 9, '2014-10-04 04:45:17', 'sale', 24.00),
(132, 28, '2013-06-02 00:35:08', 'retail', 40.00),
(133, 21, '2015-03-16 22:15:09', 'sale', 27.00),
(134, 8, '2015-10-04 17:16:32', 'retail', 40.00),
(135, 5, '2015-01-01 03:27:02', 'sale', 20.00),
(136, 3, '2014-09-14 00:47:58', 'retail', 40.00),
(137, 30, '2013-08-19 14:55:19', 'sale', 31.00),
(138, 25, '2014-07-03 04:08:09', 'retail', 27.00),
(139, 20, '2013-04-08 07:35:53', 'sale', 38.00),
(140, 15, '2013-06-23 17:03:56', 'retail', 21.00),
(141, 21, '2014-03-19 09:12:31', 'sale', 27.00),
(142, 9, '2014-03-11 23:46:40', 'retail', 26.00),
(143, 16, '2015-05-14 09:12:48', 'sale', 40.00),
(144, 8, '2015-05-09 18:03:00', 'retail', 24.00),
(145, 6, '2015-06-24 15:12:32', 'sale', 27.00),
(146, 27, '2015-06-10 16:57:41', 'retail', 29.00),
(147, 15, '2013-12-07 17:11:47', 'sale', 28.00),
(148, 23, '2015-02-23 12:26:42', 'retail', 24.00),
(149, 9, '2014-10-24 12:52:38', 'sale', 38.00),
(150, 14, '2015-01-16 03:17:08', 'retail', 28.00),
(151, 21, '2012-12-20 13:38:03', 'sale', 21.00),
(152, 4, '2013-11-24 21:28:47', 'retail', 27.00),
(153, 17, '2013-09-30 17:17:53', 'sale', 38.00),
(154, 12, '2014-05-28 18:27:09', 'retail', 22.00),
(155, 6, '2015-07-31 16:09:48', 'sale', 26.00),
(156, 1, '2013-10-01 18:57:26', 'retail', 24.00),
(157, 26, '2015-02-09 07:35:37', 'sale', 34.00),
(158, 7, '2015-11-12 19:21:49', 'retail', 28.00),
(159, 29, '2015-07-10 06:05:44', 'sale', 35.00),
(160, 18, '2013-07-20 03:27:13', 'retail', 23.00),
(161, 9, '2013-10-16 17:27:52', 'sale', 37.00),
(162, 11, '2015-01-02 22:52:58', 'retail', 40.00),
(163, 22, '2014-08-10 14:17:38', 'sale', 30.00),
(164, 1, '2015-01-20 08:57:02', 'retail', 38.00),
(165, 16, '2012-11-06 17:07:44', 'sale', 21.00),
(166, 12, '2013-07-01 14:16:45', 'retail', 21.00),
(167, 21, '2015-09-13 19:12:05', 'sale', 39.00),
(168, 13, '2013-11-02 15:49:02', 'retail', 22.00),
(169, 12, '2012-11-30 04:15:47', 'sale', 21.00),
(170, 7, '2013-06-12 11:08:12', 'retail', 33.00),
(171, 15, '2012-11-28 23:30:15', 'sale', 39.00),
(172, 24, '2012-10-08 21:34:27', 'retail', 25.00),
(173, 15, '2014-06-21 00:07:29', 'sale', 40.00),
(174, 2, '2014-02-13 09:22:10', 'retail', 40.00),
(175, 24, '2014-04-29 14:21:28', 'sale', 30.00),
(176, 25, '2014-07-26 00:17:57', 'retail', 38.00),
(177, 2, '2014-04-12 02:09:19', 'sale', 31.00),
(178, 29, '2014-08-25 08:07:21', 'retail', 40.00),
(179, 9, '2014-10-28 00:38:45', 'sale', 27.00),
(180, 10, '2013-08-12 10:36:11', 'retail', 32.00),
(181, 17, '2013-04-24 12:16:47', 'sale', 21.00),
(182, 18, '2014-02-20 14:18:37', 'retail', 38.00),
(183, 18, '2013-12-29 08:10:29', 'sale', 27.00),
(184, 4, '2013-11-15 06:10:16', 'retail', 28.00),
(185, 17, '2015-06-07 21:45:09', 'sale', 24.00),
(186, 1, '2015-01-01 16:04:57', 'retail', 20.00),
(187, 18, '2013-08-01 03:07:04', 'sale', 20.00),
(188, 2, '2013-07-13 09:27:10', 'retail', 40.00),
(189, 20, '2014-09-18 00:27:02', 'sale', 25.00),
(190, 9, '2013-05-25 23:12:25', 'retail', 32.00),
(191, 17, '2013-08-21 05:10:33', 'sale', 22.00),
(192, 22, '2013-03-22 05:49:18', 'retail', 34.00),
(193, 5, '2014-05-28 19:01:39', 'sale', 26.00),
(194, 16, '2015-10-19 05:05:14', 'retail', 29.00),
(195, 27, '2013-03-14 13:57:06', 'sale', 40.00),
(196, 22, '2013-03-19 11:44:59', 'retail', 20.00),
(197, 12, '2013-05-03 06:45:40', 'sale', 32.00),
(198, 20, '2013-04-08 12:11:14', 'retail', 33.00),
(199, 27, '2014-02-05 14:50:43', 'sale', 26.00),
(200, 15, '2015-12-28 13:59:55', 'retail', 32.00);

-- --------------------------------------------------------

--
-- Table structure for table `mediaSharing`
--

CREATE TABLE IF NOT EXISTS `mediaSharing` (
  `sharingId` int(16) NOT NULL,
  `mediaId` int(16) NOT NULL,
  `downloadCount` int(32) NOT NULL,
  `uploadCount` int(16) NOT NULL,
  `uuid` int(16) NOT NULL,
  PRIMARY KEY (`sharingId`)
) ENGINE=InnoDB DEFAULT CHARSET=latin1;

--
-- Dumping data for table `mediaSharing`
--

INSERT INTO `mediaSharing` (`sharingId`, `mediaId`, `downloadCount`, `uploadCount`, `uuid`) VALUES
(1, 24, 6, 0, 1),
(2, 10, 8, 0, 9),
(3, 22, 1, 0, 11),
(4, 1, 2, 0, 33),
(5, 24, 4, 0, 35),
(6, 4, 0, 1, 36),
(7, 24, 4, 0, 37),
(8, 25, 3, 0, 44),
(9, 4, 10, 0, 45),
(10, 15, 5, 0, 48),
(11, 10, 4, 0, 53),
(12, 17, 4, 0, 55),
(13, 9, 6, 0, 57),
(14, 16, 5, 0, 58),
(15, 21, 6, 0, 59),
(16, 9, 8, 0, 72),
(17, 12, 5, 0, 75),
(18, 1, 0, 1, 76),
(19, 18, 4, 0, 78),
(20, 20, 3, 0, 81),
(21, 24, 1, 0, 94),
(22, 21, 6, 0, 97),
(23, 16, 6, 0, 101),
(24, 19, 10, 0, 103),
(25, 14, 2, 0, 106),
(26, 4, 6, 0, 114),
(27, 19, 9, 0, 117),
(28, 11, 5, 0, 130),
(29, 19, 3, 0, 133),
(30, 20, 6, 0, 137),
(31, 2, 4, 0, 140),
(32, 20, 8, 0, 141),
(33, 8, 3, 0, 149),
(34, 22, 5, 0, 155),
(35, 16, 6, 0, 159),
(36, 16, 0, 1, 164),
(37, 25, 4, 0, 167),
(38, 10, 8, 0, 174),
(39, 21, 4, 0, 183),
(40, 11, 6, 0, 191),
(41, 13, 8, 0, 194),
(42, 18, 4, 0, 195),
(43, 25, 3, 0, 196),
(44, 21, 6, 0, 199);

-- --------------------------------------------------------

--
-- Table structure for table `mediaSharingTFT`
--

CREATE TABLE IF NOT EXISTS `mediaSharingTFT` (
  `tftId` int(16) NOT NULL AUTO_INCREMENT,
  `mediaId` int(16) NOT NULL,
  `sharingId` int(16) NOT NULL,
  `tftUploadCount` int(16) NOT NULL,
  `uuid` int(16) NOT NULL,
  PRIMARY KEY (`tftId`)
) ENGINE=InnoDB  DEFAULT CHARSET=latin1 AUTO_INCREMENT=31 ;

--
-- Dumping data for table `mediaSharingTFT`
--

INSERT INTO `mediaSharingTFT` (`tftId`, `mediaId`, `sharingId`, `tftUploadCount`, `uuid`) VALUES
(1, 59, 29, 3, 1),
(2, 36, 20, 8, 9),
(3, 36, 6, 1, 11),
(4, 45, 11, 1, 33),
(5, 36, 4, 2, 35),
(6, 32, 39, 1, 36),
(7, 59, 40, 1, 37),
(8, 37, 2, 1, 44),
(9, 52, 9, 7, 45),
(10, 47, 43, 4, 48),
(11, 60, 35, 1, 53),
(12, 35, 22, 1, 55),
(13, 34, 17, 4, 57),
(14, 54, 11, 2, 58),
(15, 31, 32, 1, 59),
(16, 33, 13, 7, 72),
(17, 32, 37, 3, 75),
(18, 47, 30, 1, 76),
(19, 38, 25, 2, 78),
(20, 52, 20, 1, 81),
(21, 42, 39, 1, 94),
(22, 45, 8, 1, 97),
(23, 50, 24, 6, 101),
(24, 33, 34, 9, 103),
(25, 43, 9, 2, 106),
(26, 37, 1, 6, 114),
(27, 53, 23, 6, 117),
(28, 36, 21, 5, 130),
(29, 55, 27, 2, 133),
(30, 52, 14, 5, 137);

-- --------------------------------------------------------

--
-- Table structure for table `priceAssigned`
--

CREATE TABLE IF NOT EXISTS `priceAssigned` (
  `priceAssignedId` int(16) NOT NULL AUTO_INCREMENT,
  `mediaPriceId` int(16) NOT NULL,
  `date` datetime NOT NULL,
  `purchaseId` int(16) NOT NULL,
  PRIMARY KEY (`priceAssignedId`)
) ENGINE=InnoDB  DEFAULT CHARSET=latin1 AUTO_INCREMENT=201 ;

--
-- Dumping data for table `priceAssigned`
--

INSERT INTO `priceAssigned` (`priceAssignedId`, `mediaPriceId`, `date`, `purchaseId`) VALUES
(1, 1, '2015-12-02 03:24:37', 14),
(2, 2, '2015-12-02 03:24:37', 1),
(3, 3, '2015-12-02 03:24:37', 33),
(4, 4, '2015-12-02 03:24:37', 16),
(5, 5, '2015-12-02 03:24:37', 27),
(6, 6, '2015-12-02 03:24:37', 22),
(7, 7, '2015-12-02 03:24:37', 23),
(8, 8, '2015-12-02 03:24:37', 23),
(9, 9, '2015-12-02 03:24:37', 32),
(10, 10, '2015-12-02 03:24:37', 28),
(11, 11, '2015-12-02 03:24:38', 6),
(12, 12, '2015-12-02 03:24:38', 16),
(13, 13, '2015-12-02 03:24:38', 27),
(14, 14, '2015-12-02 03:24:38', 14),
(15, 15, '2015-12-02 03:24:38', 22),
(16, 16, '2015-12-02 03:24:38', 32),
(17, 17, '2015-12-02 03:24:38', 44),
(18, 18, '2015-12-02 03:24:38', 3),
(19, 19, '2015-12-02 03:24:38', 8),
(20, 20, '2015-12-02 03:24:38', 44),
(21, 21, '2015-12-02 03:24:38', 41),
(22, 22, '2015-12-02 03:24:38', 31),
(23, 23, '2015-12-02 03:24:38', 18),
(24, 24, '2015-12-02 03:24:38', 20),
(25, 25, '2015-12-02 03:24:38', 33),
(26, 26, '2015-12-02 03:24:38', 24),
(27, 27, '2015-12-02 03:24:38', 43),
(28, 28, '2015-12-02 03:24:38', 42),
(29, 29, '2015-12-02 03:24:38', 24),
(30, 30, '2015-12-02 03:24:38', 15),
(31, 31, '2015-12-02 03:24:38', 8),
(32, 32, '2015-12-02 03:24:38', 37),
(33, 33, '2015-12-02 03:24:38', 15),
(34, 34, '2015-12-02 03:24:38', 40),
(35, 35, '2015-12-02 03:24:38', 9),
(36, 36, '2015-12-02 03:24:38', 42),
(37, 37, '2015-12-02 03:24:38', 17),
(38, 38, '2015-12-02 03:24:38', 31),
(39, 39, '2015-12-02 03:24:38', 21),
(40, 40, '2015-12-02 03:24:38', 5),
(41, 41, '2015-12-02 03:24:38', 15),
(42, 42, '2015-12-02 03:24:38', 26),
(43, 43, '2015-12-02 03:24:38', 20),
(44, 44, '2015-12-02 03:24:38', 41),
(45, 45, '2015-12-02 03:24:38', 40),
(46, 46, '2015-12-02 03:24:38', 41),
(47, 47, '2015-12-02 03:24:38', 29),
(48, 48, '2015-12-02 03:24:38', 39),
(49, 49, '2015-12-02 03:24:38', 44),
(50, 50, '2015-12-02 03:24:38', 36),
(51, 51, '2015-12-02 03:24:38', 39),
(52, 52, '2015-12-02 03:24:38', 40),
(53, 53, '2015-12-02 03:24:38', 23),
(54, 54, '2015-12-02 03:24:38', 12),
(55, 55, '2015-12-02 03:24:38', 16),
(56, 56, '2015-12-02 03:24:38', 11),
(57, 57, '2015-12-02 03:24:38', 35),
(58, 58, '2015-12-02 03:24:39', 15),
(59, 59, '2015-12-02 03:24:39', 8),
(60, 60, '2015-12-02 03:24:39', 15),
(61, 61, '2015-12-02 03:24:39', 30),
(62, 62, '2015-12-02 03:24:39', 16),
(63, 63, '2015-12-02 03:24:39', 7),
(64, 64, '2015-12-02 03:24:39', 44),
(65, 65, '2015-12-02 03:24:39', 11),
(66, 66, '2015-12-02 03:24:39', 15),
(67, 67, '2015-12-02 03:24:39', 42),
(68, 68, '2015-12-02 03:24:39', 28),
(69, 69, '2015-12-02 03:24:39', 2),
(70, 70, '2015-12-02 03:24:39', 18),
(71, 71, '2015-12-02 03:24:39', 33),
(72, 72, '2015-12-02 03:24:39', 16),
(73, 73, '2015-12-02 03:24:39', 43),
(74, 74, '2015-12-02 03:24:39', 8),
(75, 75, '2015-12-02 03:24:39', 12),
(76, 76, '2015-12-02 03:24:39', 39),
(77, 77, '2015-12-02 03:24:39', 5),
(78, 78, '2015-12-02 03:24:39', 40),
(79, 79, '2015-12-02 03:24:39', 33),
(80, 80, '2015-12-02 03:24:39', 5),
(81, 81, '2015-12-02 03:24:39', 32),
(82, 82, '2015-12-02 03:24:39', 27),
(83, 83, '2015-12-02 03:24:39', 44),
(84, 84, '2015-12-02 03:24:39', 10),
(85, 85, '2015-12-02 03:24:39', 39),
(86, 86, '2015-12-02 03:24:39', 16),
(87, 87, '2015-12-02 03:24:39', 20),
(88, 88, '2015-12-02 03:24:39', 30),
(89, 89, '2015-12-02 03:24:39', 31),
(90, 90, '2015-12-02 03:24:39', 28),
(91, 91, '2015-12-02 03:24:39', 44),
(92, 92, '2015-12-02 03:24:39', 16),
(93, 93, '2015-12-02 03:24:39', 43),
(94, 94, '2015-12-02 03:24:39', 6),
(95, 95, '2015-12-02 03:24:39', 16),
(96, 96, '2015-12-02 03:24:39', 9),
(97, 97, '2015-12-02 03:24:39', 21),
(98, 98, '2015-12-02 03:24:39', 14),
(99, 99, '2015-12-02 03:24:39', 37),
(100, 100, '2015-12-02 03:24:39', 22),
(101, 101, '2015-12-02 03:24:39', 31),
(102, 102, '2015-12-02 03:24:39', 25),
(103, 103, '2015-12-02 03:24:39', 37),
(104, 104, '2015-12-02 03:24:39', 30),
(105, 105, '2015-12-02 03:24:40', 33),
(106, 106, '2015-12-02 03:24:40', 5),
(107, 107, '2015-12-02 03:24:40', 24),
(108, 108, '2015-12-02 03:24:40', 37),
(109, 109, '2015-12-02 03:24:40', 1),
(110, 110, '2015-12-02 03:24:40', 13),
(111, 111, '2015-12-02 03:24:40', 41),
(112, 112, '2015-12-02 03:24:40', 32),
(113, 113, '2015-12-02 03:24:40', 40),
(114, 114, '2015-12-02 03:24:40', 41),
(115, 115, '2015-12-02 03:24:40', 41),
(116, 116, '2015-12-02 03:24:40', 34),
(117, 117, '2015-12-02 03:24:40', 13),
(118, 118, '2015-12-02 03:24:40', 17),
(119, 119, '2015-12-02 03:24:40', 19),
(120, 120, '2015-12-02 03:24:40', 44),
(121, 121, '2015-12-02 03:24:40', 44),
(122, 122, '2015-12-02 03:24:40', 18),
(123, 123, '2015-12-02 03:24:40', 16),
(124, 124, '2015-12-02 03:24:40', 42),
(125, 125, '2015-12-02 03:24:40', 24),
(126, 126, '2015-12-02 03:24:40', 31),
(127, 127, '2015-12-02 03:24:40', 7),
(128, 128, '2015-12-02 03:24:40', 44),
(129, 129, '2015-12-02 03:24:40', 1),
(130, 130, '2015-12-02 03:24:40', 44),
(131, 131, '2015-12-02 03:24:40', 22),
(132, 132, '2015-12-02 03:24:40', 31),
(133, 133, '2015-12-02 03:24:40', 24),
(134, 134, '2015-12-02 03:24:40', 14),
(135, 135, '2015-12-02 03:24:40', 17),
(136, 136, '2015-12-02 03:24:40', 13),
(137, 137, '2015-12-02 03:24:40', 18),
(138, 138, '2015-12-02 03:24:40', 40),
(139, 139, '2015-12-02 03:24:40', 5),
(140, 140, '2015-12-02 03:24:40', 18),
(141, 141, '2015-12-02 03:24:40', 9),
(142, 142, '2015-12-02 03:24:40', 2),
(143, 143, '2015-12-02 03:24:40', 6),
(144, 144, '2015-12-02 03:24:40', 4),
(145, 145, '2015-12-02 03:24:40', 43),
(146, 146, '2015-12-02 03:24:40', 2),
(147, 147, '2015-12-02 03:24:40', 37),
(148, 148, '2015-12-02 03:24:40', 12),
(149, 149, '2015-12-02 03:24:41', 19),
(150, 150, '2015-12-02 03:24:41', 12),
(151, 151, '2015-12-02 03:24:41', 11),
(152, 152, '2015-12-02 03:24:41', 18),
(153, 153, '2015-12-02 03:24:41', 30),
(154, 154, '2015-12-02 03:24:41', 26),
(155, 155, '2015-12-02 03:24:41', 16),
(156, 156, '2015-12-02 03:24:41', 9),
(157, 157, '2015-12-02 03:24:41', 13),
(158, 158, '2015-12-02 03:24:41', 23),
(159, 159, '2015-12-02 03:24:41', 9),
(160, 160, '2015-12-02 03:24:41', 13),
(161, 161, '2015-12-02 03:24:41', 22),
(162, 162, '2015-12-02 03:24:41', 30),
(163, 163, '2015-12-02 03:24:41', 44),
(164, 164, '2015-12-02 03:24:41', 2),
(165, 165, '2015-12-02 03:24:41', 44),
(166, 166, '2015-12-02 03:24:41', 16),
(167, 167, '2015-12-02 03:24:41', 14),
(168, 168, '2015-12-02 03:24:41', 18),
(169, 169, '2015-12-02 03:24:41', 12),
(170, 170, '2015-12-02 03:24:41', 19),
(171, 171, '2015-12-02 03:24:41', 36),
(172, 172, '2015-12-02 03:24:41', 21),
(173, 173, '2015-12-02 03:24:41', 21),
(174, 174, '2015-12-02 03:24:41', 41),
(175, 175, '2015-12-02 03:24:41', 24),
(176, 176, '2015-12-02 03:24:41', 20),
(177, 177, '2015-12-02 03:24:41', 43),
(178, 178, '2015-12-02 03:24:41', 17),
(179, 179, '2015-12-02 03:24:41', 31),
(180, 180, '2015-12-02 03:24:41', 17),
(181, 181, '2015-12-02 03:24:41', 28),
(182, 182, '2015-12-02 03:24:41', 42),
(183, 183, '2015-12-02 03:24:41', 35),
(184, 184, '2015-12-02 03:24:41', 14),
(185, 185, '2015-12-02 03:24:41', 23),
(186, 186, '2015-12-02 03:24:41', 7),
(187, 187, '2015-12-02 03:24:41', 22),
(188, 188, '2015-12-02 03:24:41', 36),
(189, 189, '2015-12-02 03:24:41', 29),
(190, 190, '2015-12-02 03:24:41', 30),
(191, 191, '2015-12-02 03:24:41', 5),
(192, 192, '2015-12-02 03:24:41', 7),
(193, 193, '2015-12-02 03:24:41', 16),
(194, 194, '2015-12-02 03:24:42', 4),
(195, 195, '2015-12-02 03:24:42', 9),
(196, 196, '2015-12-02 03:24:42', 15),
(197, 197, '2015-12-02 03:24:42', 20),
(198, 198, '2015-12-02 03:24:42', 22),
(199, 199, '2015-12-02 03:24:42', 33),
(200, 200, '2015-12-02 03:24:42', 31);

-- --------------------------------------------------------

--
-- Table structure for table `purchase`
--

CREATE TABLE IF NOT EXISTS `purchase` (
  `purchaseId` int(16) NOT NULL AUTO_INCREMENT,
  `purchaseDate` timestamp NOT NULL DEFAULT CURRENT_TIMESTAMP ON UPDATE CURRENT_TIMESTAMP,
  `uuid` int(16) NOT NULL,
  `downloadCount` int(16) NOT NULL,
  `mediaId` int(16) NOT NULL,
  PRIMARY KEY (`purchaseId`)
) ENGINE=InnoDB  DEFAULT CHARSET=latin1 AUTO_INCREMENT=34 ;

--
-- Dumping data for table `purchase`
--

INSERT INTO `purchase` (`purchaseId`, `purchaseDate`, `uuid`, `downloadCount`, `mediaId`) VALUES
(1, '2010-11-10 21:06:08', 1, 9, 7),
(2, '2012-04-14 14:33:28', 9, 10, 22),
(3, '2012-11-30 14:41:50', 11, 2, 9),
(4, '2010-12-13 23:24:11', 33, 2, 12),
(5, '2012-01-08 13:38:29', 35, 7, 7),
(6, '2011-09-27 05:21:40', 36, 8, 17),
(7, '2010-11-05 22:19:28', 37, 9, 21),
(8, '2011-12-12 04:16:55', 44, 5, 15),
(9, '2011-12-10 15:00:49', 45, 9, 6),
(10, '2012-07-03 03:10:57', 48, 0, 19),
(11, '2011-04-02 22:30:20', 53, 0, 8),
(12, '2011-07-24 15:55:55', 55, 8, 24),
(13, '2012-02-11 05:14:01', 57, 1, 2),
(14, '2012-12-16 02:55:22', 58, 7, 1),
(15, '2010-12-17 03:01:22', 59, 9, 16),
(16, '2011-01-30 23:11:57', 72, 2, 17),
(17, '2012-06-24 16:37:58', 75, 9, 14),
(18, '2012-10-06 11:20:39', 76, 3, 3),
(19, '2011-05-18 23:14:36', 78, 4, 16),
(20, '2012-03-03 10:13:21', 81, 6, 6),
(21, '2012-05-09 02:03:44', 94, 3, 18),
(22, '2012-05-06 05:56:49', 97, 7, 21),
(23, '2011-12-08 06:07:04', 101, 4, 17),
(24, '2012-10-10 22:17:45', 103, 3, 17),
(25, '2012-04-15 21:39:03', 106, 2, 15),
(26, '2011-03-28 06:12:51', 114, 7, 13),
(27, '2012-09-02 02:28:45', 117, 1, 13),
(28, '2011-07-10 06:59:13', 130, 7, 2),
(29, '2011-09-20 00:54:04', 133, 8, 4),
(30, '2012-12-07 23:55:20', 137, 10, 13),
(31, '2010-10-07 19:52:29', 140, 1, 23),
(32, '2012-12-30 01:03:31', 141, 6, 18),
(33, '2012-06-18 13:12:10', 149, 2, 25);

-- --------------------------------------------------------

--
-- Table structure for table `role`
--

CREATE TABLE IF NOT EXISTS `role` (
  `rid` int(16) NOT NULL AUTO_INCREMENT,
  `role` varchar(32) NOT NULL,
  PRIMARY KEY (`rid`)
) ENGINE=InnoDB  DEFAULT CHARSET=latin1 AUTO_INCREMENT=5 ;

--
-- Dumping data for table `role`
--

INSERT INTO `role` (`rid`, `role`) VALUES
(1, 'customer'),
(2, 'customerRepresentative'),
(3, 'supplier'),
(4, 'manager');

-- --------------------------------------------------------

--
-- Table structure for table `userPreference`
--

CREATE TABLE IF NOT EXISTS `userPreference` (
  `preferenceId` int(16) NOT NULL AUTO_INCREMENT,
  `uuid` int(16) NOT NULL,
  `mediaId` int(16) NOT NULL,
  `preferenceDate` timestamp NOT NULL DEFAULT CURRENT_TIMESTAMP ON UPDATE CURRENT_TIMESTAMP,
  PRIMARY KEY (`preferenceId`)
) ENGINE=InnoDB  DEFAULT CHARSET=latin1 AUTO_INCREMENT=1001 ;

--
-- Dumping data for table `userPreference`
--

INSERT INTO `userPreference` (`preferenceId`, `uuid`, `mediaId`, `preferenceDate`) VALUES
(1, 24, 32, '2012-12-10 05:06:30'),
(2, 19, 8, '2012-12-05 12:44:34'),
(3, 22, 30, '2012-11-21 23:27:17'),
(4, 17, 17, '2012-12-01 15:08:42'),
(5, 25, 37, '2012-10-20 16:49:22'),
(6, 37, 12, '2012-12-16 09:58:42'),
(7, 6, 15, '2012-12-30 15:59:43'),
(8, 6, 24, '2012-12-28 18:20:42'),
(9, 7, 39, '2012-12-14 15:54:57'),
(10, 32, 30, '2012-11-05 01:33:30'),
(11, 30, 9, '2012-10-11 20:29:09'),
(12, 23, 25, '2012-10-23 18:01:51'),
(13, 14, 6, '2012-12-26 09:36:32'),
(14, 32, 15, '2012-10-27 19:28:18'),
(15, 20, 35, '2012-10-15 12:28:35'),
(16, 31, 27, '2012-11-05 11:13:03'),
(17, 24, 28, '2012-12-04 11:27:47'),
(18, 21, 31, '2012-10-22 06:00:58'),
(19, 21, 33, '2012-10-14 09:30:09'),
(20, 15, 21, '2012-12-16 19:10:10'),
(21, 31, 9, '2012-12-31 13:07:03'),
(22, 30, 28, '2012-11-22 08:54:55'),
(23, 40, 35, '2012-11-29 13:18:43'),
(24, 42, 25, '2012-12-28 12:50:50'),
(25, 11, 41, '2012-12-10 22:34:41'),
(26, 18, 26, '2012-11-06 06:40:27'),
(27, 31, 4, '2012-10-04 04:03:09'),
(28, 23, 21, '2012-12-09 20:21:17'),
(29, 32, 37, '2012-11-19 02:42:25'),
(30, 39, 5, '2012-12-31 21:46:19'),
(31, 30, 28, '2012-10-16 20:11:50'),
(32, 29, 16, '2012-12-15 00:05:28'),
(33, 13, 14, '2012-11-28 14:11:46'),
(34, 36, 9, '2012-10-19 08:58:01'),
(35, 36, 16, '2012-10-16 18:32:57'),
(36, 28, 29, '2012-12-10 06:45:56'),
(37, 42, 17, '2012-12-14 00:35:41'),
(38, 46, 33, '2012-10-26 10:01:54'),
(39, 35, 18, '2012-10-14 00:25:18'),
(40, 12, 9, '2012-10-20 05:40:52'),
(41, 17, 34, '2012-12-18 22:22:05'),
(42, 18, 18, '2012-10-19 15:58:07'),
(43, 12, 24, '2012-11-15 01:30:51'),
(44, 38, 17, '2012-11-30 05:36:47'),
(45, 4, 8, '2012-12-30 18:44:15'),
(46, 11, 29, '2012-11-28 23:21:49'),
(47, 47, 27, '2013-01-01 02:42:34'),
(48, 39, 25, '2012-12-10 09:14:17'),
(49, 8, 14, '2012-10-15 19:57:55'),
(50, 15, 24, '2012-10-31 16:23:38'),
(51, 18, 34, '2012-10-11 10:41:37'),
(52, 15, 11, '2012-11-15 10:58:54'),
(53, 22, 20, '2012-10-04 19:10:27'),
(54, 43, 15, '2012-11-06 20:34:59'),
(55, 27, 17, '2012-11-18 21:03:21'),
(56, 28, 26, '2012-10-19 13:10:13'),
(57, 16, 26, '2012-12-13 23:36:04'),
(58, 17, 18, '2012-11-04 01:24:03'),
(59, 41, 21, '2012-11-30 10:55:28'),
(60, 10, 29, '2012-10-18 23:52:44'),
(61, 22, 5, '2012-12-30 10:02:11'),
(62, 28, 16, '2012-10-18 05:35:38'),
(63, 9, 35, '2012-11-27 07:38:35'),
(64, 7, 33, '2012-12-24 23:22:48'),
(65, 25, 18, '2012-10-27 07:46:17'),
(66, 5, 41, '2012-12-21 00:22:02'),
(67, 12, 11, '2012-11-12 23:55:59'),
(68, 9, 20, '2012-12-18 03:03:49'),
(69, 24, 20, '2012-10-28 12:47:27'),
(70, 11, 26, '2012-12-28 02:32:11'),
(71, 17, 5, '2012-10-03 17:58:52'),
(72, 15, 29, '2012-11-04 07:29:38'),
(73, 25, 32, '2012-10-18 01:02:35'),
(74, 9, 37, '2012-12-27 23:08:35'),
(75, 41, 18, '2012-10-31 22:24:25'),
(76, 14, 20, '2012-10-29 13:34:20'),
(77, 8, 30, '2012-11-17 14:00:09'),
(78, 28, 33, '2012-12-27 20:24:29'),
(79, 22, 9, '2012-11-05 11:01:35'),
(80, 36, 12, '2012-12-29 02:49:25'),
(81, 29, 23, '2012-10-04 04:11:35'),
(82, 31, 33, '2012-12-03 23:49:44'),
(83, 11, 10, '2012-11-10 16:42:45'),
(84, 19, 13, '2012-10-29 22:01:08'),
(85, 13, 12, '2012-12-05 07:19:51'),
(86, 26, 22, '2012-10-15 10:42:16'),
(87, 37, 27, '2012-12-18 18:18:37'),
(88, 21, 11, '2012-11-25 21:44:58'),
(89, 17, 29, '2012-12-11 18:25:24'),
(90, 36, 19, '2012-10-03 12:15:23'),
(91, 32, 7, '2012-11-20 00:07:40'),
(92, 32, 36, '2012-10-29 08:04:26'),
(93, 24, 40, '2012-11-16 13:41:19'),
(94, 41, 11, '2012-12-09 18:36:56'),
(95, 13, 21, '2012-12-30 16:14:04'),
(96, 41, 3, '2012-11-13 08:19:02'),
(97, 3, 39, '2012-10-09 14:13:51'),
(98, 43, 14, '2012-10-30 04:54:32'),
(99, 24, 28, '2012-12-31 01:24:54'),
(100, 14, 17, '2012-11-07 09:32:26'),
(101, 17, 5, '2012-11-18 03:49:18'),
(102, 36, 34, '2012-11-03 20:14:22'),
(103, 13, 10, '2012-10-29 12:17:19'),
(104, 27, 4, '2012-11-19 00:00:42'),
(105, 21, 11, '2012-12-31 00:33:08'),
(106, 18, 6, '2012-10-02 05:19:03'),
(107, 36, 7, '2012-12-24 01:52:47'),
(108, 41, 3, '2012-10-19 19:14:30'),
(109, 17, 22, '2012-12-17 02:48:41'),
(110, 15, 33, '2012-10-19 03:36:55'),
(111, 27, 5, '2012-10-23 20:28:39'),
(112, 12, 38, '2012-10-03 03:35:27'),
(113, 27, 4, '2012-10-20 19:47:04'),
(114, 35, 29, '2012-10-25 07:46:15'),
(115, 22, 5, '2012-11-14 08:34:09'),
(116, 17, 20, '2012-11-22 23:30:38'),
(117, 17, 14, '2012-12-04 10:17:58'),
(118, 14, 12, '2012-12-05 05:14:47'),
(119, 23, 22, '2012-10-20 00:06:04'),
(120, 17, 32, '2012-12-29 09:17:13'),
(121, 25, 18, '2012-10-03 13:03:37'),
(122, 33, 25, '2012-12-24 09:32:57'),
(123, 34, 6, '2012-12-26 22:49:39'),
(124, 45, 40, '2012-11-26 13:35:03'),
(125, 13, 14, '2012-12-02 19:26:04'),
(126, 32, 29, '2012-10-13 01:36:49'),
(127, 15, 3, '2012-11-09 12:26:18'),
(128, 3, 15, '2012-12-01 12:08:24'),
(129, 30, 34, '2012-10-15 23:37:38'),
(130, 42, 7, '2012-12-22 20:18:56'),
(131, 42, 27, '2012-10-27 03:44:44'),
(132, 41, 17, '2012-12-16 22:44:20'),
(133, 35, 9, '2012-12-24 18:32:06'),
(134, 36, 8, '2012-12-17 22:25:23'),
(135, 18, 18, '2012-10-14 04:24:52'),
(136, 9, 8, '2012-12-13 09:03:42'),
(137, 12, 20, '2012-12-15 10:40:58'),
(138, 27, 20, '2012-10-12 05:09:27'),
(139, 14, 9, '2012-12-23 08:43:39'),
(140, 20, 5, '2012-10-01 15:12:15'),
(141, 17, 41, '2012-11-27 02:12:12'),
(142, 31, 37, '2012-12-31 07:12:08'),
(143, 24, 30, '2012-10-14 03:47:31'),
(144, 16, 21, '2012-10-27 08:45:25'),
(145, 16, 36, '2012-12-02 23:52:05'),
(146, 19, 38, '2012-12-15 03:41:42'),
(147, 10, 6, '2012-10-24 13:44:54'),
(148, 45, 31, '2012-12-04 12:19:38'),
(149, 8, 42, '2012-12-18 21:40:43'),
(150, 42, 20, '2012-12-25 12:54:13'),
(151, 46, 33, '2012-12-21 13:17:21'),
(152, 30, 18, '2012-12-09 06:53:45'),
(153, 27, 36, '2012-11-10 21:16:22'),
(154, 36, 11, '2012-12-23 02:14:51'),
(155, 6, 20, '2012-12-08 04:24:16'),
(156, 36, 34, '2012-11-28 18:10:42'),
(157, 29, 40, '2012-12-06 16:10:57'),
(158, 39, 39, '2012-11-09 04:51:20'),
(159, 22, 3, '2012-11-07 15:20:16'),
(160, 21, 3, '2012-12-16 18:15:23'),
(161, 17, 3, '2012-11-25 02:55:37'),
(162, 13, 28, '2012-12-30 17:05:44'),
(163, 42, 12, '2012-12-16 04:30:02'),
(164, 17, 42, '2012-10-05 01:40:40'),
(165, 14, 3, '2012-11-14 03:03:01'),
(166, 47, 32, '2012-10-26 06:01:56'),
(167, 29, 13, '2012-10-21 14:41:10'),
(168, 21, 4, '2012-10-14 09:41:41'),
(169, 35, 23, '2012-10-15 15:12:55'),
(170, 11, 37, '2012-10-16 09:58:31'),
(171, 45, 7, '2012-10-17 04:10:45'),
(172, 31, 13, '2012-12-13 19:01:50'),
(173, 25, 9, '2012-10-04 05:43:54'),
(174, 23, 23, '2012-10-02 13:04:28'),
(175, 24, 32, '2012-10-03 19:48:58'),
(176, 42, 31, '2012-12-09 20:49:28'),
(177, 15, 16, '2012-10-02 11:47:42'),
(178, 19, 29, '2012-10-06 03:28:35'),
(179, 29, 20, '2012-11-23 02:11:44'),
(180, 35, 27, '2012-11-09 22:37:52'),
(181, 40, 27, '2012-11-21 00:41:13'),
(182, 6, 10, '2012-12-15 15:39:07'),
(183, 40, 34, '2012-12-30 20:25:21'),
(184, 39, 10, '2012-11-15 06:16:16'),
(185, 44, 28, '2012-10-22 18:26:44'),
(186, 43, 24, '2012-12-28 08:21:02'),
(187, 32, 32, '2012-10-28 10:09:51'),
(188, 36, 9, '2012-12-29 13:04:11'),
(189, 38, 31, '2012-11-07 13:55:20'),
(190, 19, 20, '2012-10-02 00:03:36'),
(191, 37, 15, '2012-11-26 08:44:22'),
(192, 17, 18, '2012-12-14 11:53:16'),
(193, 9, 12, '2012-11-23 20:36:01'),
(194, 8, 7, '2012-12-10 10:22:41'),
(195, 29, 4, '2012-11-06 00:53:56'),
(196, 41, 41, '2012-12-26 15:12:47'),
(197, 38, 28, '2012-12-03 04:21:11'),
(198, 10, 16, '2012-12-18 03:00:20'),
(199, 9, 7, '2012-11-22 14:51:53'),
(200, 20, 20, '2012-10-02 02:08:47'),
(201, 23, 10, '2012-10-31 18:49:33'),
(202, 11, 23, '2012-12-05 15:04:57'),
(203, 42, 28, '2012-12-27 03:56:49'),
(204, 27, 33, '2012-10-07 09:09:05'),
(205, 16, 17, '2012-10-09 16:46:13'),
(206, 31, 11, '2012-10-05 16:37:11'),
(207, 29, 3, '2012-12-04 00:31:29'),
(208, 17, 7, '2012-10-04 21:16:48'),
(209, 12, 9, '2012-10-14 07:21:45'),
(210, 32, 28, '2012-11-23 02:58:04'),
(211, 30, 8, '2012-12-11 00:43:36'),
(212, 5, 11, '2012-10-26 19:19:35'),
(213, 31, 7, '2012-12-24 22:25:09'),
(214, 34, 26, '2012-12-02 22:25:38'),
(215, 33, 36, '2012-10-05 20:37:20'),
(216, 39, 21, '2012-10-25 07:26:59'),
(217, 37, 4, '2012-10-26 08:15:37'),
(218, 28, 15, '2012-11-05 04:13:06'),
(219, 28, 19, '2012-11-21 02:23:37'),
(220, 38, 6, '2012-10-19 10:42:30'),
(221, 19, 33, '2012-10-31 01:13:23'),
(222, 7, 33, '2012-11-20 00:40:38'),
(223, 22, 22, '2012-11-30 14:57:30'),
(224, 14, 9, '2012-10-24 10:40:01'),
(225, 43, 39, '2012-10-09 17:10:52'),
(226, 3, 32, '2012-11-22 06:24:01'),
(227, 15, 27, '2012-11-26 10:32:14'),
(228, 28, 10, '2012-12-24 04:56:43'),
(229, 41, 34, '2012-10-30 09:37:49'),
(230, 21, 24, '2012-11-06 11:27:24'),
(231, 35, 37, '2012-10-15 06:34:17'),
(232, 3, 41, '2012-12-25 09:48:02'),
(233, 24, 16, '2012-11-09 04:13:34'),
(234, 14, 28, '2012-11-24 13:47:44'),
(235, 22, 27, '2012-11-15 17:39:36'),
(236, 28, 28, '2012-10-22 03:35:23'),
(237, 11, 40, '2012-12-17 08:12:18'),
(238, 35, 23, '2012-10-03 00:01:49'),
(239, 32, 20, '2012-12-14 22:20:45'),
(240, 44, 40, '2012-11-03 02:30:53'),
(241, 17, 28, '2012-10-22 11:30:17'),
(242, 22, 29, '2012-10-19 20:02:33'),
(243, 24, 11, '2012-11-20 18:27:17'),
(244, 37, 20, '2012-10-18 22:09:38'),
(245, 23, 38, '2012-12-15 01:35:15'),
(246, 41, 21, '2012-11-12 18:21:27'),
(247, 14, 26, '2012-11-07 03:55:14'),
(248, 2, 15, '2012-12-23 09:32:14'),
(249, 3, 41, '2012-11-02 08:25:31'),
(250, 35, 40, '2012-10-27 22:58:43'),
(251, 14, 15, '2012-12-25 10:54:21'),
(252, 19, 35, '2012-11-23 14:25:49'),
(253, 29, 13, '2012-12-13 06:13:45'),
(254, 14, 7, '2012-10-21 18:15:38'),
(255, 18, 25, '2012-10-12 09:11:31'),
(256, 10, 23, '2012-11-23 15:12:16'),
(257, 30, 30, '2012-10-16 11:41:54'),
(258, 7, 31, '2012-11-15 05:12:40'),
(259, 40, 32, '2012-11-12 17:41:18'),
(260, 17, 26, '2012-11-07 05:45:37'),
(261, 27, 34, '2012-12-04 23:53:03'),
(262, 22, 12, '2012-11-18 00:37:52'),
(263, 7, 37, '2012-12-11 12:48:08'),
(264, 41, 4, '2012-12-22 10:37:24'),
(265, 6, 20, '2012-11-13 01:53:25'),
(266, 12, 27, '2012-12-31 00:15:46'),
(267, 40, 13, '2012-12-03 02:19:52'),
(268, 43, 16, '2012-11-06 11:18:00'),
(269, 24, 14, '2012-10-13 22:11:59'),
(270, 42, 26, '2012-12-07 04:22:36'),
(271, 19, 10, '2012-11-18 01:20:45'),
(272, 6, 31, '2012-12-08 20:36:42'),
(273, 24, 35, '2012-11-26 04:13:02'),
(274, 15, 31, '2012-11-30 13:37:02'),
(275, 12, 36, '2012-10-08 16:58:22'),
(276, 30, 6, '2012-12-04 11:52:15'),
(277, 33, 39, '2012-12-29 09:40:10'),
(278, 16, 38, '2012-10-28 08:17:21'),
(279, 38, 18, '2012-11-23 13:16:03'),
(280, 38, 15, '2012-10-17 02:01:47'),
(281, 28, 29, '2012-11-03 17:33:16'),
(282, 8, 31, '2012-10-08 15:44:51'),
(283, 42, 14, '2012-12-23 07:02:22'),
(284, 24, 27, '2012-11-27 13:39:34'),
(285, 9, 37, '2012-11-13 01:52:05'),
(286, 17, 25, '2012-11-20 23:51:28'),
(287, 39, 12, '2012-11-12 16:49:58'),
(288, 40, 27, '2012-11-03 11:29:30'),
(289, 11, 18, '2012-12-08 08:02:46'),
(290, 38, 14, '2012-10-06 17:11:03'),
(291, 46, 39, '2012-12-06 17:40:01'),
(292, 15, 5, '2012-11-10 01:22:41'),
(293, 18, 41, '2012-12-05 12:56:57'),
(294, 19, 21, '2012-10-31 10:10:56'),
(295, 40, 27, '2012-10-17 22:42:02'),
(296, 23, 37, '2012-12-07 23:23:42'),
(297, 45, 35, '2012-12-30 05:31:41'),
(298, 19, 31, '2012-11-24 13:25:51'),
(299, 35, 39, '2012-12-29 06:24:14'),
(300, 27, 30, '2012-10-23 23:38:49'),
(301, 24, 29, '2012-10-15 17:32:13'),
(302, 13, 41, '2012-10-21 07:25:11'),
(303, 33, 18, '2012-10-17 07:54:26'),
(304, 22, 30, '2012-11-28 18:13:01'),
(305, 32, 27, '2012-10-24 20:57:59'),
(306, 44, 42, '2012-10-12 05:07:42'),
(307, 30, 40, '2012-12-25 01:34:25'),
(308, 28, 16, '2012-11-28 11:58:19'),
(309, 14, 7, '2012-11-20 16:36:44'),
(310, 12, 27, '2012-10-23 22:45:46'),
(311, 22, 10, '2012-12-23 04:27:11'),
(312, 29, 22, '2012-12-20 20:14:16'),
(313, 37, 11, '2012-10-24 08:51:51'),
(314, 6, 28, '2012-12-25 21:22:20'),
(315, 28, 19, '2012-11-19 15:25:17'),
(316, 40, 16, '2012-11-19 12:52:47'),
(317, 6, 3, '2012-11-14 07:36:17'),
(318, 45, 30, '2012-12-16 11:25:48'),
(319, 28, 40, '2012-12-27 05:50:47'),
(320, 10, 8, '2012-11-22 16:54:03'),
(321, 22, 27, '2012-12-10 09:46:39'),
(322, 18, 12, '2012-10-23 19:08:36'),
(323, 12, 5, '2012-11-11 18:22:34'),
(324, 21, 6, '2012-10-09 13:25:32'),
(325, 21, 32, '2012-11-15 10:28:26'),
(326, 39, 28, '2012-12-17 02:13:18'),
(327, 24, 29, '2012-12-19 06:03:50'),
(328, 37, 27, '2012-11-19 21:31:45'),
(329, 35, 11, '2012-11-13 09:02:54'),
(330, 28, 16, '2012-11-26 17:01:32'),
(331, 17, 31, '2012-10-21 15:06:28'),
(332, 46, 42, '2012-11-11 16:49:56'),
(333, 15, 8, '2012-11-17 23:37:06'),
(334, 32, 25, '2012-11-25 14:22:26'),
(335, 33, 38, '2012-11-01 01:18:56'),
(336, 14, 33, '2012-12-30 01:24:37'),
(337, 11, 10, '2012-11-29 12:47:10'),
(338, 42, 5, '2012-10-25 08:01:01'),
(339, 22, 34, '2012-11-12 18:04:29'),
(340, 44, 21, '2012-12-13 05:34:19'),
(341, 28, 30, '2012-11-16 11:16:17'),
(342, 34, 30, '2012-11-15 10:37:34'),
(343, 15, 40, '2012-11-28 17:52:27'),
(344, 34, 27, '2012-10-18 11:52:48'),
(345, 21, 19, '2012-10-08 09:00:56'),
(346, 34, 30, '2012-12-17 19:42:10'),
(347, 35, 34, '2012-10-03 00:49:17'),
(348, 18, 33, '2012-10-09 04:58:34'),
(349, 30, 14, '2012-12-20 13:35:50'),
(350, 7, 13, '2012-10-31 00:31:52'),
(351, 37, 37, '2012-10-02 02:40:45'),
(352, 17, 29, '2012-12-04 00:49:08'),
(353, 39, 40, '2012-11-27 07:05:37'),
(354, 22, 31, '2012-10-23 10:52:47'),
(355, 31, 7, '2012-11-29 21:36:11'),
(356, 37, 36, '2012-10-31 18:44:16'),
(357, 29, 24, '2012-10-12 23:30:19'),
(358, 28, 37, '2012-12-22 12:58:12'),
(359, 33, 21, '2012-10-17 00:39:39'),
(360, 25, 24, '2012-11-09 16:37:36'),
(361, 39, 19, '2012-10-26 22:53:36'),
(362, 39, 33, '2012-12-27 06:34:07'),
(363, 26, 27, '2012-12-21 01:29:06'),
(364, 14, 7, '2012-11-25 02:15:39'),
(365, 21, 34, '2012-12-04 18:16:13'),
(366, 10, 24, '2012-11-18 20:49:46'),
(367, 19, 8, '2012-10-06 05:20:54'),
(368, 27, 33, '2012-12-25 04:36:49'),
(369, 20, 21, '2012-11-06 18:38:32'),
(370, 29, 5, '2012-12-26 14:30:32'),
(371, 4, 41, '2012-11-01 13:47:10'),
(372, 22, 37, '2012-10-10 23:44:41'),
(373, 18, 21, '2012-12-07 02:00:42'),
(374, 10, 31, '2012-12-17 07:27:39'),
(375, 32, 9, '2012-11-27 22:58:20'),
(376, 24, 14, '2012-10-17 04:33:43'),
(377, 7, 32, '2012-10-30 14:55:58'),
(378, 9, 15, '2012-10-09 00:54:22'),
(379, 47, 34, '2012-11-21 11:27:30'),
(380, 18, 20, '2012-11-26 05:11:12'),
(381, 19, 23, '2012-11-22 01:37:20'),
(382, 28, 37, '2012-11-09 22:26:40'),
(383, 33, 9, '2012-12-23 15:28:21'),
(384, 24, 16, '2012-11-26 04:47:59'),
(385, 19, 7, '2012-12-11 21:18:23'),
(386, 43, 26, '2012-10-07 07:35:43'),
(387, 9, 26, '2012-12-14 03:24:16'),
(388, 25, 28, '2012-10-12 00:14:22'),
(389, 26, 27, '2012-12-23 08:04:14'),
(390, 5, 42, '2012-10-31 19:33:29'),
(391, 35, 15, '2012-12-17 00:19:47'),
(392, 16, 41, '2012-12-03 14:16:42'),
(393, 32, 32, '2012-12-17 14:58:23'),
(394, 27, 11, '2012-10-16 20:53:56'),
(395, 14, 25, '2012-10-26 06:19:01'),
(396, 42, 23, '2012-12-18 07:29:52'),
(397, 6, 28, '2012-11-09 14:16:15'),
(398, 37, 6, '2012-10-07 03:59:04'),
(399, 44, 27, '2012-12-03 00:15:11'),
(400, 40, 31, '2012-12-02 14:43:05'),
(401, 12, 19, '2012-12-31 08:53:20'),
(402, 9, 29, '2012-12-28 14:33:06'),
(403, 33, 17, '2012-12-04 02:27:05'),
(404, 30, 41, '2012-12-24 17:35:59'),
(405, 34, 10, '2012-11-13 12:27:27'),
(406, 4, 9, '2012-12-30 05:59:49'),
(407, 40, 11, '2012-11-26 19:46:50'),
(408, 14, 6, '2012-12-04 16:44:27'),
(409, 20, 5, '2012-10-30 15:47:04'),
(410, 8, 40, '2012-10-03 23:22:10'),
(411, 35, 8, '2012-11-10 15:40:58'),
(412, 35, 10, '2012-10-11 11:20:49'),
(413, 31, 39, '2012-11-14 04:48:23'),
(414, 20, 22, '2012-11-11 04:32:02'),
(415, 15, 12, '2012-11-27 10:19:46'),
(416, 34, 13, '2012-12-12 13:29:58'),
(417, 32, 7, '2012-10-01 15:38:22'),
(418, 18, 19, '2012-10-08 16:09:15'),
(419, 3, 33, '2012-10-13 09:16:59'),
(420, 19, 35, '2012-10-06 21:05:48'),
(421, 20, 24, '2012-10-19 18:09:14'),
(422, 35, 12, '2012-11-05 18:47:01'),
(423, 40, 39, '2012-10-29 07:15:54'),
(424, 24, 14, '2012-12-13 17:34:16'),
(425, 42, 25, '2012-10-04 15:36:02'),
(426, 24, 15, '2012-10-28 04:40:14'),
(427, 18, 4, '2012-11-08 09:16:46'),
(428, 14, 18, '2012-12-16 14:41:51'),
(429, 19, 20, '2012-11-25 18:54:35'),
(430, 25, 35, '2012-11-08 17:10:08'),
(431, 26, 10, '2012-12-27 19:11:37'),
(432, 32, 4, '2012-10-19 01:52:22'),
(433, 8, 42, '2012-10-10 23:45:29'),
(434, 23, 19, '2012-11-05 09:18:04'),
(435, 15, 14, '2012-12-26 18:06:07'),
(436, 18, 33, '2012-10-24 07:37:06'),
(437, 30, 4, '2012-10-28 03:50:49'),
(438, 46, 16, '2012-12-02 20:34:07'),
(439, 40, 30, '2012-10-11 19:31:28'),
(440, 21, 10, '2012-12-24 13:29:56'),
(441, 40, 33, '2012-10-11 17:51:42'),
(442, 37, 23, '2012-10-14 21:17:43'),
(443, 45, 29, '2012-10-13 05:08:51'),
(444, 8, 7, '2012-11-19 17:13:28'),
(445, 21, 17, '2012-12-15 08:03:36'),
(446, 19, 28, '2012-11-24 05:59:03'),
(447, 30, 12, '2012-11-28 19:29:46'),
(448, 43, 12, '2012-12-29 11:14:09'),
(449, 33, 5, '2012-12-01 15:21:26'),
(450, 38, 22, '2012-12-19 13:08:36'),
(451, 35, 16, '2012-11-26 19:41:28'),
(452, 36, 8, '2012-10-13 00:09:17'),
(453, 44, 8, '2012-12-12 17:19:05'),
(454, 9, 12, '2012-12-22 23:26:45'),
(455, 27, 31, '2012-10-25 06:06:35'),
(456, 25, 8, '2012-12-24 01:54:36'),
(457, 5, 35, '2012-10-14 07:31:04'),
(458, 28, 33, '2012-11-04 05:12:45'),
(459, 26, 19, '2012-11-09 02:41:30'),
(460, 13, 10, '2012-12-23 13:51:55'),
(461, 7, 37, '2012-10-23 00:54:08'),
(462, 35, 29, '2012-11-04 02:59:47'),
(463, 37, 26, '2012-11-15 16:01:14'),
(464, 29, 29, '2012-12-06 10:43:59'),
(465, 30, 14, '2012-11-09 14:26:06'),
(466, 41, 31, '2012-11-21 16:13:43'),
(467, 38, 31, '2012-11-03 17:43:55'),
(468, 42, 17, '2012-10-13 17:47:34'),
(469, 12, 42, '2012-11-21 07:58:45'),
(470, 30, 14, '2012-12-08 01:48:59'),
(471, 25, 20, '2012-11-25 06:48:12'),
(472, 41, 10, '2012-10-24 11:48:06'),
(473, 13, 6, '2012-12-18 10:06:25'),
(474, 34, 33, '2012-11-17 23:52:00'),
(475, 22, 16, '2012-12-13 18:18:20'),
(476, 37, 10, '2012-11-16 18:29:02'),
(477, 23, 40, '2012-10-22 01:23:09'),
(478, 38, 36, '2012-11-25 05:30:29'),
(479, 41, 7, '2012-11-24 11:05:09'),
(480, 20, 34, '2012-12-20 04:28:38'),
(481, 14, 18, '2012-10-28 15:49:30'),
(482, 35, 11, '2012-11-15 12:49:16'),
(483, 6, 19, '2012-11-23 13:37:12'),
(484, 43, 7, '2012-11-02 05:32:24'),
(485, 21, 23, '2012-12-04 07:01:37'),
(486, 10, 17, '2012-12-21 18:11:27'),
(487, 32, 33, '2012-12-16 10:56:30'),
(488, 44, 23, '2012-12-01 11:47:51'),
(489, 26, 19, '2012-12-10 20:58:14'),
(490, 8, 37, '2012-11-21 11:09:11'),
(491, 3, 5, '2012-12-26 15:12:37'),
(492, 14, 37, '2012-10-15 03:02:40'),
(493, 36, 39, '2012-11-21 22:39:08'),
(494, 19, 34, '2012-12-01 11:03:14'),
(495, 31, 11, '2012-10-17 20:58:59'),
(496, 24, 19, '2012-11-19 14:52:30'),
(497, 18, 8, '2012-10-28 01:57:28'),
(498, 11, 6, '2012-12-14 19:57:51'),
(499, 39, 27, '2012-10-22 07:41:13'),
(500, 28, 33, '2012-10-10 17:06:19'),
(501, 11, 33, '2012-10-16 20:02:09'),
(502, 4, 5, '2012-10-03 17:16:56'),
(503, 11, 36, '2012-12-25 16:38:46'),
(504, 35, 11, '2012-12-06 20:14:05'),
(505, 22, 40, '2012-12-25 23:54:53'),
(506, 27, 17, '2012-11-02 14:59:31'),
(507, 10, 29, '2012-11-15 07:57:02'),
(508, 22, 34, '2012-11-22 22:10:35'),
(509, 18, 26, '2012-10-19 09:10:40'),
(510, 23, 8, '2012-12-28 00:02:27'),
(511, 26, 13, '2012-12-05 15:14:34'),
(512, 38, 15, '2012-12-10 18:36:31'),
(513, 35, 24, '2012-11-26 16:57:36'),
(514, 30, 15, '2012-12-16 18:54:59'),
(515, 24, 32, '2012-12-11 00:01:06'),
(516, 17, 17, '2012-10-12 09:17:35'),
(517, 37, 23, '2012-12-11 12:55:52'),
(518, 10, 41, '2012-11-21 13:52:30'),
(519, 38, 11, '2012-10-13 18:55:17'),
(520, 42, 31, '2012-10-26 20:02:30'),
(521, 42, 15, '2012-11-19 22:23:20'),
(522, 29, 5, '2012-12-19 11:10:25'),
(523, 23, 37, '2012-11-06 07:26:26'),
(524, 6, 25, '2012-12-04 05:50:31'),
(525, 37, 3, '2012-11-10 10:25:55'),
(526, 27, 18, '2012-12-13 14:11:38'),
(527, 36, 7, '2012-10-30 01:00:10'),
(528, 24, 15, '2012-10-26 16:48:59'),
(529, 11, 7, '2012-11-16 03:35:57'),
(530, 16, 6, '2012-10-20 11:02:18'),
(531, 24, 4, '2012-11-17 04:14:20'),
(532, 3, 30, '2012-11-22 21:14:12'),
(533, 38, 7, '2012-11-09 02:18:52'),
(534, 18, 8, '2012-12-31 07:07:05'),
(535, 43, 42, '2013-01-01 00:52:58'),
(536, 25, 28, '2012-11-05 01:31:24'),
(537, 12, 18, '2012-11-14 20:01:54'),
(538, 27, 39, '2012-12-14 10:21:32'),
(539, 37, 42, '2012-12-24 12:40:51'),
(540, 16, 11, '2012-10-02 06:10:33'),
(541, 24, 31, '2012-10-05 10:53:05'),
(542, 8, 33, '2012-12-07 12:03:02'),
(543, 26, 29, '2012-12-16 21:16:55'),
(544, 5, 41, '2012-12-29 02:32:20'),
(545, 2, 41, '2012-12-28 16:44:17'),
(546, 4, 18, '2012-11-24 09:53:53'),
(547, 23, 27, '2012-12-29 11:18:42'),
(548, 43, 8, '2012-12-21 02:54:38'),
(549, 30, 41, '2012-12-20 17:34:11'),
(550, 31, 13, '2012-10-09 20:12:38'),
(551, 29, 34, '2012-12-15 03:52:30'),
(552, 28, 36, '2012-11-23 06:57:07'),
(553, 23, 20, '2012-10-23 11:36:55'),
(554, 12, 21, '2012-10-19 20:18:19'),
(555, 15, 22, '2012-10-15 08:51:50'),
(556, 8, 23, '2012-11-19 06:43:25'),
(557, 35, 38, '2012-10-13 21:04:42'),
(558, 30, 34, '2012-10-27 00:55:50'),
(559, 27, 21, '2012-10-23 05:05:50'),
(560, 20, 5, '2012-11-17 08:10:40'),
(561, 26, 30, '2012-10-29 15:12:38'),
(562, 16, 16, '2012-10-14 01:26:03'),
(563, 44, 32, '2012-11-23 07:05:10'),
(564, 15, 41, '2012-10-05 03:28:50'),
(565, 19, 8, '2012-11-18 17:44:08'),
(566, 28, 14, '2012-10-03 18:44:05'),
(567, 7, 4, '2012-12-25 05:00:04'),
(568, 12, 32, '2012-12-04 12:34:01'),
(569, 24, 16, '2012-10-15 22:47:27'),
(570, 37, 34, '2012-10-21 19:21:14'),
(571, 16, 17, '2012-12-23 03:25:55'),
(572, 24, 32, '2012-10-23 02:54:36'),
(573, 33, 29, '2012-12-29 02:50:19'),
(574, 16, 37, '2012-12-24 16:30:01'),
(575, 19, 13, '2012-10-06 16:26:02'),
(576, 40, 35, '2012-11-02 15:22:39'),
(577, 40, 38, '2012-11-05 16:13:47'),
(578, 37, 7, '2012-10-13 00:18:06'),
(579, 27, 27, '2012-11-12 13:30:17'),
(580, 33, 16, '2012-10-24 18:24:29'),
(581, 43, 26, '2012-11-26 07:13:22'),
(582, 38, 8, '2012-11-01 00:49:26'),
(583, 6, 36, '2012-10-02 01:09:48'),
(584, 46, 7, '2012-12-20 15:51:24'),
(585, 43, 20, '2012-10-13 09:12:33'),
(586, 41, 14, '2012-12-26 12:05:06'),
(587, 15, 9, '2012-12-15 23:12:28'),
(588, 30, 41, '2012-12-25 11:39:21'),
(589, 41, 20, '2012-11-18 20:21:37'),
(590, 19, 7, '2012-12-20 02:25:06'),
(591, 26, 42, '2012-11-12 07:00:29'),
(592, 9, 33, '2012-11-25 21:20:23'),
(593, 26, 34, '2012-11-11 16:50:52'),
(594, 27, 33, '2012-11-22 19:37:07'),
(595, 19, 29, '2012-10-02 03:07:58'),
(596, 26, 28, '2012-10-28 05:07:33'),
(597, 20, 40, '2012-11-11 14:19:58'),
(598, 15, 28, '2012-11-07 05:45:18'),
(599, 15, 21, '2012-12-18 10:57:33'),
(600, 30, 33, '2012-12-27 22:44:11'),
(601, 30, 15, '2012-12-26 07:26:27'),
(602, 7, 21, '2012-12-04 10:30:14'),
(603, 29, 40, '2012-11-14 05:50:08'),
(604, 6, 20, '2012-10-23 14:16:31'),
(605, 28, 35, '2012-12-23 23:19:22'),
(606, 29, 15, '2012-11-19 18:24:44'),
(607, 45, 33, '2012-11-14 10:55:17'),
(608, 23, 3, '2012-10-12 11:04:47'),
(609, 40, 11, '2012-11-24 15:11:23'),
(610, 35, 40, '2012-11-02 05:45:20'),
(611, 32, 23, '2012-11-29 21:11:10'),
(612, 28, 25, '2012-10-10 13:42:15'),
(613, 17, 11, '2012-10-05 04:08:00'),
(614, 31, 15, '2012-11-14 12:38:16'),
(615, 42, 42, '2012-10-28 00:04:25'),
(616, 43, 29, '2012-11-25 19:39:01'),
(617, 23, 28, '2012-11-03 04:27:11'),
(618, 42, 5, '2012-11-04 20:41:23'),
(619, 4, 38, '2012-11-24 02:00:59'),
(620, 30, 25, '2012-11-17 10:47:36'),
(621, 43, 10, '2012-10-03 19:26:21'),
(622, 26, 33, '2012-11-24 06:57:44'),
(623, 33, 4, '2012-12-13 11:42:08'),
(624, 35, 33, '2012-10-10 20:30:27'),
(625, 12, 33, '2012-10-09 00:59:47'),
(626, 25, 28, '2012-12-08 23:18:07'),
(627, 11, 6, '2012-11-05 13:33:01'),
(628, 24, 42, '2012-11-11 06:04:28'),
(629, 40, 4, '2012-11-01 00:37:45'),
(630, 24, 29, '2012-12-23 03:10:27'),
(631, 45, 28, '2012-10-10 04:26:46'),
(632, 6, 13, '2012-12-19 08:53:08'),
(633, 31, 42, '2012-12-21 18:59:47'),
(634, 18, 33, '2012-11-30 11:36:53'),
(635, 24, 3, '2012-11-07 20:00:57'),
(636, 27, 25, '2012-10-06 13:31:21'),
(637, 17, 30, '2012-10-14 05:32:50'),
(638, 31, 11, '2012-10-14 01:00:40'),
(639, 14, 6, '2012-10-17 05:59:40'),
(640, 23, 25, '2012-12-17 06:41:13'),
(641, 22, 24, '2012-11-14 01:50:40'),
(642, 22, 24, '2012-12-08 08:39:11'),
(643, 18, 8, '2012-12-07 10:49:02'),
(644, 11, 23, '2012-11-15 07:28:12'),
(645, 38, 3, '2012-11-16 06:14:59'),
(646, 15, 27, '2012-10-06 01:13:47'),
(647, 20, 40, '2012-12-09 08:03:38'),
(648, 26, 28, '2012-12-28 00:11:44'),
(649, 28, 35, '2012-10-04 16:19:29'),
(650, 39, 14, '2012-11-24 07:27:52'),
(651, 33, 30, '2012-10-12 00:24:29'),
(652, 7, 10, '2012-11-30 11:35:42'),
(653, 41, 24, '2012-12-12 16:59:14'),
(654, 28, 33, '2012-10-29 22:17:16'),
(655, 9, 29, '2012-10-31 20:00:14'),
(656, 27, 41, '2012-12-26 06:07:57'),
(657, 29, 16, '2012-12-19 20:58:31'),
(658, 19, 36, '2012-11-17 01:04:59'),
(659, 16, 21, '2012-10-29 19:31:49'),
(660, 23, 14, '2012-11-25 23:56:48'),
(661, 44, 40, '2012-10-28 10:30:22'),
(662, 9, 5, '2012-11-14 03:39:19'),
(663, 32, 40, '2012-10-02 05:16:46'),
(664, 23, 24, '2012-12-12 06:22:32'),
(665, 38, 28, '2012-11-11 10:33:29'),
(666, 12, 11, '2012-11-08 09:50:35'),
(667, 6, 37, '2012-12-08 12:45:13'),
(668, 41, 13, '2012-11-22 18:50:11'),
(669, 22, 27, '2012-10-05 00:06:11'),
(670, 39, 42, '2012-10-31 06:32:53'),
(671, 19, 41, '2012-10-25 13:51:31'),
(672, 34, 5, '2012-10-31 18:52:47'),
(673, 12, 35, '2012-10-26 00:15:51'),
(674, 13, 16, '2012-12-14 11:49:46'),
(675, 41, 10, '2012-11-10 06:02:44'),
(676, 19, 17, '2012-11-30 09:09:45'),
(677, 41, 21, '2012-11-17 16:24:36'),
(678, 27, 21, '2012-12-11 06:50:54'),
(679, 10, 40, '2012-11-04 21:40:27'),
(680, 15, 32, '2012-11-04 01:12:42'),
(681, 24, 8, '2012-10-31 18:55:33'),
(682, 36, 36, '2012-11-05 22:13:30'),
(683, 12, 3, '2012-10-18 16:42:14'),
(684, 20, 11, '2012-11-18 14:21:00'),
(685, 11, 10, '2012-12-05 07:27:05'),
(686, 29, 27, '2012-10-07 10:00:44'),
(687, 13, 20, '2012-11-20 00:09:53'),
(688, 34, 3, '2012-12-31 15:53:05'),
(689, 24, 9, '2012-12-26 04:15:17'),
(690, 43, 17, '2012-12-02 03:48:20'),
(691, 18, 37, '2012-12-15 09:29:03'),
(692, 29, 29, '2012-12-01 01:47:46'),
(693, 6, 33, '2012-12-03 03:23:52'),
(694, 11, 8, '2012-12-22 14:34:05'),
(695, 33, 16, '2012-10-08 10:40:59'),
(696, 22, 41, '2012-12-02 23:18:03'),
(697, 25, 12, '2012-10-12 06:15:52'),
(698, 4, 4, '2012-10-13 16:19:39'),
(699, 9, 27, '2012-10-28 18:19:36'),
(700, 44, 24, '2012-11-30 07:21:53'),
(701, 30, 37, '2012-11-18 07:59:24'),
(702, 22, 23, '2012-10-17 05:03:41'),
(703, 11, 24, '2012-12-26 13:27:31'),
(704, 38, 33, '2012-10-09 01:26:45'),
(705, 36, 23, '2012-11-09 01:51:10'),
(706, 38, 41, '2012-11-05 13:43:31'),
(707, 27, 22, '2012-11-27 17:13:33'),
(708, 27, 24, '2012-11-30 22:45:52'),
(709, 36, 26, '2012-10-25 07:11:24'),
(710, 8, 26, '2012-12-14 12:10:34'),
(711, 29, 13, '2012-12-01 07:56:07'),
(712, 12, 32, '2012-10-16 08:23:35'),
(713, 17, 38, '2012-12-04 07:46:28'),
(714, 14, 31, '2012-11-11 15:47:01'),
(715, 19, 19, '2012-12-27 18:46:14'),
(716, 38, 11, '2012-12-23 17:11:13'),
(717, 12, 31, '2012-11-05 16:02:41'),
(718, 36, 15, '2012-12-25 11:30:32'),
(719, 22, 4, '2012-11-18 11:27:53'),
(720, 33, 6, '2012-10-11 15:10:00'),
(721, 26, 33, '2012-11-03 21:25:14'),
(722, 17, 42, '2012-10-10 08:42:40'),
(723, 21, 17, '2012-12-29 22:50:03'),
(724, 9, 30, '2012-12-02 11:11:16'),
(725, 25, 7, '2012-10-10 07:20:24'),
(726, 25, 40, '2012-10-30 17:58:29'),
(727, 23, 8, '2012-10-03 11:23:32'),
(728, 34, 42, '2012-10-31 13:51:26'),
(729, 31, 22, '2012-11-04 11:41:51'),
(730, 16, 13, '2012-11-11 18:14:23'),
(731, 20, 35, '2012-10-21 10:50:55'),
(732, 30, 5, '2012-10-19 16:30:52'),
(733, 40, 21, '2012-11-22 11:17:55'),
(734, 35, 25, '2012-10-25 01:39:34'),
(735, 26, 6, '2012-11-03 09:02:37'),
(736, 26, 26, '2012-10-28 05:18:12'),
(737, 39, 42, '2012-11-10 23:09:53'),
(738, 43, 34, '2012-11-10 01:51:12'),
(739, 14, 23, '2012-12-25 07:08:03'),
(740, 31, 32, '2012-10-17 15:11:50'),
(741, 7, 6, '2012-10-01 10:13:07'),
(742, 18, 35, '2012-10-06 18:08:02'),
(743, 23, 28, '2012-11-17 18:20:11'),
(744, 10, 20, '2012-10-07 11:36:02'),
(745, 17, 39, '2012-10-16 09:42:37'),
(746, 31, 21, '2012-12-10 01:26:12'),
(747, 42, 17, '2012-12-09 20:57:59'),
(748, 20, 13, '2012-11-20 07:20:39'),
(749, 36, 23, '2012-10-05 14:04:45'),
(750, 38, 8, '2012-12-13 00:38:10'),
(751, 45, 11, '2012-12-21 23:10:54'),
(752, 45, 22, '2012-12-05 02:08:12'),
(753, 2, 42, '2012-11-01 13:12:45'),
(754, 27, 4, '2012-12-11 02:14:35'),
(755, 30, 17, '2012-12-01 21:24:59'),
(756, 34, 4, '2012-10-14 01:04:22'),
(757, 28, 3, '2012-11-16 03:11:13'),
(758, 19, 19, '2012-12-11 09:09:04'),
(759, 40, 13, '2012-10-28 02:49:21'),
(760, 37, 4, '2012-11-09 15:53:57'),
(761, 29, 42, '2012-11-28 12:37:16'),
(762, 26, 40, '2012-10-12 21:50:12'),
(763, 12, 40, '2012-10-11 08:03:38'),
(764, 30, 21, '2012-10-15 00:35:30'),
(765, 16, 5, '2012-11-16 20:05:22'),
(766, 6, 36, '2012-11-19 21:35:52'),
(767, 10, 17, '2012-11-20 05:25:11'),
(768, 32, 28, '2012-12-28 13:43:15'),
(769, 23, 21, '2012-10-21 17:21:14'),
(770, 31, 15, '2012-10-24 19:27:13'),
(771, 9, 42, '2012-10-23 05:13:03'),
(772, 38, 24, '2012-10-17 03:51:49'),
(773, 43, 34, '2012-10-12 04:31:36'),
(774, 6, 18, '2012-11-24 20:32:35'),
(775, 15, 32, '2012-12-01 09:30:47'),
(776, 31, 34, '2012-11-16 00:08:52'),
(777, 15, 41, '2012-12-18 12:53:02'),
(778, 39, 28, '2012-11-14 13:41:15'),
(779, 34, 5, '2012-12-26 05:54:12'),
(780, 40, 35, '2012-10-24 20:36:37'),
(781, 13, 42, '2012-10-23 06:26:41'),
(782, 24, 34, '2012-12-11 04:35:19'),
(783, 30, 31, '2012-11-21 10:10:45'),
(784, 32, 32, '2012-12-26 08:25:42'),
(785, 19, 40, '2012-12-02 18:34:48'),
(786, 8, 28, '2012-11-12 09:03:00'),
(787, 25, 37, '2012-11-07 23:54:42'),
(788, 17, 28, '2012-10-04 12:21:07'),
(789, 37, 18, '2012-10-11 02:31:18'),
(790, 38, 16, '2012-12-24 16:14:38'),
(791, 6, 25, '2012-12-22 14:25:05'),
(792, 18, 3, '2012-12-02 04:39:54'),
(793, 5, 28, '2012-11-05 03:49:18'),
(794, 30, 18, '2012-10-12 14:56:56'),
(795, 29, 32, '2012-10-06 09:38:17'),
(796, 11, 32, '2012-12-03 02:58:44'),
(797, 32, 12, '2012-11-20 09:34:10'),
(798, 9, 27, '2012-10-18 05:49:46'),
(799, 10, 20, '2012-11-22 00:28:47'),
(800, 13, 11, '2012-12-23 04:52:28'),
(801, 7, 12, '2012-11-12 08:28:03'),
(802, 5, 23, '2012-11-13 12:28:35'),
(803, 34, 25, '2012-10-11 14:45:54'),
(804, 11, 9, '2012-11-16 15:51:36'),
(805, 13, 30, '2012-10-23 05:18:16'),
(806, 18, 38, '2012-12-30 12:36:43'),
(807, 41, 25, '2012-10-22 05:55:49'),
(808, 25, 29, '2012-12-16 19:08:35'),
(809, 32, 33, '2012-10-26 09:56:18'),
(810, 15, 42, '2012-11-15 04:13:11'),
(811, 12, 8, '2012-12-07 16:35:49'),
(812, 30, 9, '2012-10-23 23:30:55'),
(813, 6, 38, '2012-12-14 01:33:49'),
(814, 12, 42, '2012-12-28 01:55:15'),
(815, 29, 10, '2012-11-29 03:00:57'),
(816, 42, 21, '2012-11-19 18:25:43'),
(817, 44, 19, '2012-10-11 03:12:33'),
(818, 9, 39, '2012-12-10 01:16:10'),
(819, 41, 27, '2012-11-18 17:57:42'),
(820, 16, 37, '2012-11-18 03:48:26'),
(821, 37, 3, '2012-11-30 17:03:01'),
(822, 20, 27, '2012-12-16 18:06:34'),
(823, 31, 30, '2012-12-06 05:38:58'),
(824, 28, 38, '2012-12-04 02:29:32'),
(825, 24, 26, '2012-12-21 18:35:13'),
(826, 12, 23, '2012-11-02 09:34:17'),
(827, 34, 20, '2012-12-10 22:25:29'),
(828, 32, 26, '2012-12-03 11:43:00'),
(829, 25, 25, '2012-10-28 02:16:36'),
(830, 8, 35, '2012-10-14 13:35:04'),
(831, 26, 24, '2012-10-14 20:30:52'),
(832, 16, 3, '2012-12-10 02:32:04'),
(833, 5, 32, '2012-11-11 13:07:15'),
(834, 33, 13, '2012-10-31 15:02:20'),
(835, 23, 32, '2012-12-23 19:08:55'),
(836, 21, 37, '2012-11-08 23:45:16'),
(837, 32, 23, '2012-12-18 13:28:09'),
(838, 23, 14, '2012-11-09 11:13:21'),
(839, 14, 34, '2012-12-30 08:09:28'),
(840, 22, 36, '2012-12-12 07:12:50'),
(841, 27, 19, '2012-10-31 07:36:38'),
(842, 36, 28, '2012-11-01 20:56:41'),
(843, 28, 31, '2012-10-08 16:43:55'),
(844, 42, 22, '2012-11-01 15:32:09'),
(845, 15, 41, '2012-10-08 12:16:40'),
(846, 11, 15, '2012-12-26 05:58:25'),
(847, 30, 3, '2012-11-11 07:03:08'),
(848, 20, 22, '2012-12-06 15:43:23'),
(849, 41, 29, '2012-11-18 02:15:20'),
(850, 42, 7, '2012-11-04 03:36:42'),
(851, 30, 31, '2012-12-12 18:35:54'),
(852, 45, 21, '2012-11-10 09:15:59'),
(853, 18, 42, '2012-10-14 12:43:31'),
(854, 22, 40, '2012-11-28 05:37:28'),
(855, 34, 11, '2012-11-24 07:27:25'),
(856, 36, 19, '2012-12-23 07:48:33'),
(857, 32, 4, '2012-12-25 10:15:11'),
(858, 11, 23, '2012-11-09 07:12:48'),
(859, 44, 18, '2012-10-09 05:24:25'),
(860, 22, 13, '2012-10-20 02:06:40'),
(861, 39, 40, '2012-12-25 05:54:36'),
(862, 30, 39, '2012-11-06 06:19:06'),
(863, 4, 12, '2012-11-04 01:52:14'),
(864, 15, 29, '2012-10-28 23:41:15'),
(865, 34, 19, '2012-11-18 09:48:31'),
(866, 21, 12, '2012-12-26 21:22:56'),
(867, 17, 3, '2012-12-30 04:09:46'),
(868, 12, 11, '2012-11-14 13:37:11'),
(869, 29, 9, '2012-12-21 08:58:32'),
(870, 35, 27, '2012-10-15 14:23:18'),
(871, 46, 20, '2012-10-09 09:04:19'),
(872, 37, 4, '2012-10-01 18:38:14'),
(873, 15, 6, '2012-10-24 11:01:45'),
(874, 33, 14, '2012-12-23 21:58:46'),
(875, 42, 7, '2012-10-30 12:01:27'),
(876, 26, 23, '2012-11-21 14:26:29'),
(877, 22, 36, '2012-11-22 04:12:18'),
(878, 20, 5, '2012-12-12 07:22:01'),
(879, 37, 32, '2012-12-26 09:39:02'),
(880, 36, 22, '2012-11-20 07:18:43'),
(881, 40, 20, '2012-12-29 23:57:45'),
(882, 47, 16, '2012-10-02 22:12:02'),
(883, 7, 27, '2012-10-11 08:17:35'),
(884, 12, 12, '2012-11-06 12:57:53'),
(885, 8, 10, '2012-11-16 11:50:25'),
(886, 24, 29, '2012-10-03 06:22:37'),
(887, 6, 5, '2012-12-19 00:23:02'),
(888, 31, 20, '2012-12-25 20:06:52'),
(889, 22, 15, '2012-12-01 19:46:54'),
(890, 19, 5, '2012-10-15 23:47:33'),
(891, 41, 41, '2012-11-26 06:15:32'),
(892, 36, 41, '2012-12-26 14:05:25'),
(893, 37, 41, '2012-11-19 23:36:20'),
(894, 40, 11, '2012-12-12 08:40:31'),
(895, 20, 18, '2012-12-29 10:59:13'),
(896, 39, 37, '2012-11-27 10:20:58'),
(897, 41, 38, '2012-12-02 23:08:43'),
(898, 37, 23, '2012-10-12 22:32:14'),
(899, 31, 38, '2012-11-10 18:08:43'),
(900, 16, 11, '2012-11-16 11:56:43'),
(901, 22, 6, '2012-11-13 13:19:33'),
(902, 10, 40, '2012-11-10 02:21:32'),
(903, 8, 34, '2012-11-06 16:40:55'),
(904, 26, 33, '2012-11-26 14:19:28'),
(905, 18, 8, '2012-12-31 11:15:57'),
(906, 16, 42, '2012-12-18 13:31:49'),
(907, 44, 38, '2012-12-09 06:33:35'),
(908, 29, 28, '2012-10-24 12:33:32'),
(909, 37, 15, '2012-10-14 09:53:42'),
(910, 12, 29, '2012-11-03 02:13:08'),
(911, 32, 9, '2012-11-10 14:50:32'),
(912, 9, 14, '2012-11-03 17:43:41'),
(913, 27, 16, '2012-10-15 04:04:38'),
(914, 7, 40, '2012-12-24 02:10:58'),
(915, 31, 16, '2012-10-04 17:00:34'),
(916, 31, 30, '2012-10-04 09:23:51'),
(917, 24, 28, '2012-12-25 04:43:27'),
(918, 13, 15, '2012-11-21 19:22:25'),
(919, 25, 6, '2012-12-20 21:27:38'),
(920, 30, 15, '2012-11-19 23:45:59'),
(921, 47, 4, '2012-12-05 22:05:02'),
(922, 23, 12, '2012-10-01 15:40:21'),
(923, 36, 37, '2012-11-02 14:37:20'),
(924, 41, 38, '2012-10-28 11:32:21'),
(925, 41, 23, '2012-11-27 10:05:55'),
(926, 40, 9, '2012-10-28 14:17:15'),
(927, 39, 28, '2012-12-27 06:27:20'),
(928, 40, 37, '2012-10-24 01:44:54'),
(929, 24, 16, '2012-10-31 19:42:12'),
(930, 14, 42, '2012-11-29 00:27:57'),
(931, 40, 41, '2012-12-01 21:58:53'),
(932, 28, 18, '2012-12-22 20:34:34'),
(933, 23, 10, '2012-12-09 16:36:32'),
(934, 38, 7, '2012-11-28 21:45:44'),
(935, 9, 41, '2012-10-15 20:21:39'),
(936, 36, 37, '2012-10-29 18:40:12'),
(937, 9, 34, '2012-12-27 00:13:16'),
(938, 7, 28, '2012-12-14 12:34:24'),
(939, 18, 4, '2012-10-15 15:17:11'),
(940, 33, 16, '2012-10-13 14:15:18'),
(941, 14, 9, '2012-10-10 05:41:53'),
(942, 44, 30, '2012-11-14 23:27:30'),
(943, 36, 12, '2012-12-01 07:15:50'),
(944, 31, 8, '2012-12-12 04:11:31'),
(945, 17, 16, '2012-12-09 10:25:34'),
(946, 21, 8, '2012-11-26 13:58:31'),
(947, 35, 13, '2012-11-06 19:14:13'),
(948, 28, 15, '2012-10-04 00:56:09'),
(949, 25, 27, '2012-10-07 21:26:45'),
(950, 27, 13, '2012-11-07 00:13:37'),
(951, 35, 24, '2012-11-21 03:02:46'),
(952, 35, 22, '2012-10-23 21:59:14'),
(953, 20, 16, '2012-11-14 20:43:23'),
(954, 41, 40, '2012-11-27 07:52:34'),
(955, 39, 9, '2012-12-27 13:59:09'),
(956, 23, 25, '2012-10-09 18:09:02'),
(957, 7, 14, '2012-11-02 07:39:30'),
(958, 25, 40, '2012-12-01 05:57:54'),
(959, 26, 18, '2012-10-27 08:49:09'),
(960, 27, 3, '2012-11-20 07:55:27'),
(961, 9, 33, '2012-10-08 20:44:45'),
(962, 31, 27, '2012-11-22 17:15:57'),
(963, 39, 40, '2012-12-23 11:03:37'),
(964, 15, 40, '2012-12-17 12:44:19'),
(965, 43, 31, '2012-10-02 14:03:46'),
(966, 44, 13, '2012-11-24 08:23:39'),
(967, 43, 19, '2012-12-20 07:24:10'),
(968, 20, 40, '2012-12-14 05:18:36'),
(969, 6, 23, '2012-10-19 08:41:21'),
(970, 14, 9, '2012-10-20 04:49:38'),
(971, 40, 11, '2012-12-29 02:58:44'),
(972, 44, 35, '2012-11-23 01:50:33'),
(973, 21, 29, '2012-11-17 20:52:36'),
(974, 23, 42, '2012-11-12 13:20:43'),
(975, 15, 40, '2012-10-18 01:26:25'),
(976, 15, 36, '2012-11-10 14:35:18'),
(977, 38, 36, '2012-12-17 12:45:52'),
(978, 32, 10, '2012-12-12 09:12:21'),
(979, 22, 10, '2012-10-28 23:50:55'),
(980, 36, 21, '2012-11-13 02:08:19'),
(981, 41, 15, '2012-12-02 10:18:09'),
(982, 38, 12, '2012-11-14 21:23:14'),
(983, 20, 31, '2012-10-14 04:22:46'),
(984, 41, 7, '2012-10-12 23:00:09'),
(985, 25, 16, '2012-10-07 07:08:00'),
(986, 31, 26, '2012-12-23 13:45:25'),
(987, 5, 19, '2012-12-08 06:01:29'),
(988, 38, 8, '2012-12-24 11:35:42'),
(989, 32, 28, '2012-10-10 05:25:58'),
(990, 42, 16, '2012-11-22 17:21:26'),
(991, 21, 13, '2012-12-21 00:17:34'),
(992, 8, 8, '2012-10-10 16:59:08'),
(993, 26, 26, '2012-12-15 09:42:03'),
(994, 35, 25, '2012-12-25 05:29:59'),
(995, 43, 3, '2012-10-25 11:07:15'),
(996, 45, 27, '2012-12-18 13:37:37'),
(997, 36, 29, '2012-10-26 13:24:44'),
(998, 27, 25, '2012-11-07 13:52:49'),
(999, 27, 12, '2012-10-05 13:20:27'),
(1000, 28, 12, '2012-11-06 16:29:01');

-- --------------------------------------------------------

--
-- Table structure for table `users`
--

CREATE TABLE IF NOT EXISTS `users` (
  `firstname` varchar(64) NOT NULL,
  `lastname` varchar(64) NOT NULL,
  `emailID` varchar(64) NOT NULL,
  `password` varchar(64) NOT NULL,
  `street` varchar(128) NOT NULL,
  `city` varchar(64) NOT NULL,
  `state` varchar(64) NOT NULL,
  `zipcode` varchar(16) NOT NULL,
  `phoneNumber` varchar(16) NOT NULL,
  `uuid` int(16) NOT NULL AUTO_INCREMENT,
  `rid` int(16) NOT NULL,
  PRIMARY KEY (`uuid`)
) ENGINE=InnoDB  DEFAULT CHARSET=latin1 AUTO_INCREMENT=1001 ;

--
-- Dumping data for table `users`
--

INSERT INTO `users` (`firstname`, `lastname`, `emailID`, `password`, `street`, `city`, `state`, `zipcode`, `phoneNumber`, `uuid`, `rid`) VALUES
('luukas', 'hanninen', 'luukas.hanninen@example.com', 'fishhead', '6029 rautatienkatu', 'karkkila', 'land', '31216', '08-585-979', 1, 1),
('onni', 'karvonen', 'onni.karvonen@example.com', 'titanium', '4846 suvantokatu', 'posio', 'kymenlaakso', '97109', '06-395-876', 2, 2),
('viljami', 'halonen', 'viljami.halonen@example.com', 'red123', '8348 fredrikinkatu', 'ypj', 'tavastia proper', '32673', '07-863-300', 3, 2),
('rasmus', 'korhonen', 'rasmus.korhonen@example.com', 'cabernet', '6634 hermiankatu', 'posio', 'uusimaa', '64216', '07-099-669', 4, 3),
('samu', 'heinonen', 'samu.heinonen@example.com', 'salope', '8628 rautatienkatu', 'loimaa', 'south karelia', '68271', '04-285-674', 5, 2),
('roope', 'koivisto', 'roope.koivisto@example.com', 'anderson', '9952 mannerheimintie', 'utsjoki', 'kymenlaakso', '15068', '09-888-326', 6, 4),
('linnea', 'heikkinen', 'linnea.heikkinen@example.com', 'attitude', '9625 hmeentie', 'teuva', 'pijt-hme', '46009', '07-378-725', 7, 4),
('venla', 'seppanen', 'venla.seppanen@example.com', 'versace', '1901 tahmelantie', 'huittinen', 'tavastia proper', '28011', '07-022-803', 8, 4),
('sanni', 'palo', 'sanni.palo@example.com', 'access', '2016 pirkankatu', 'geta', 'finland proper', '28954', '05-798-487', 9, 1),
('minttu', 'rinne', 'minttu.rinne@example.com', 'crazy', '5636 rautatienkatu', 'juuka', 'northern ostrobothnia', '89833', '03-675-885', 10, 3),
('eemil', 'rintala', 'eemil.rintala@example.com', 'ophelia', '7300 suvantokatu', 'pihtipudas', 'ostrobothnia', '64640', '04-479-821', 11, 1),
('iina', 'nurmi', 'iina.nurmi@example.com', 'kris', '7731 myllypuronkatu', 'puumala', 'uusimaa', '97357', '04-185-451', 12, 2),
('lauri', 'waara', 'lauri.waara@example.com', 'lesbians', '4116 hmeentie', 'padasjoki', 'southern savonia', '12714', '05-007-417', 13, 2),
('joel', 'hanka', 'joel.hanka@example.com', 'martha', '2458 esplanadi', 'eura', 'tavastia proper', '45131', '03-371-509', 14, 2),
('lenni', 'sakala', 'lenni.sakala@example.com', 'sally', '3184 verkatehtaankatu', 'nykarleby', 'northern savonia', '54797', '03-050-254', 15, 4),
('pinja', 'aho', 'pinja.aho@example.com', 'joanne', '9090 korkeavuorenkatu', 'lappajrvi', 'tavastia proper', '61165', '06-821-512', 16, 4),
('siiri', 'luoma', 'siiri.luoma@example.com', 'munchkin', '7969 pirkankatu', 'jakobstad', 'tavastia proper', '39968', '07-918-280', 17, 4),
('niilo', 'koistinen', 'niilo.koistinen@example.com', 'jetski', '5550 fredrikinkatu', 'ruokolahti', 'central ostrobothnia', '17275', '04-858-773', 18, 4),
('rasmus', 'kinnunen', 'rasmus.kinnunen@example.com', 'felix1', '6917 tehtaankatu', 'siikajoki', 'pirkanmaa', '26366', '02-273-297', 19, 2),
('venla', 'perko', 'venla.perko@example.com', 'woowoo', '9453 siilitie', 'oulu', 'pijt-hme', '62692', '06-192-374', 20, 4),
('nella', 'lakso', 'nella.lakso@example.com', 'hotlips', '4778 pyynikintie', 'outokumpu', 'satakunta', '93870', '06-037-603', 21, 2),
('viljami', 'honkala', 'viljami.honkala@example.com', '1974', '8825 visiokatu', 'aura', 'central ostrobothnia', '34091', '04-047-900', 22, 4),
('elsa', 'pietila', 'elsa.pietila@example.com', 'jojo', '2834 reijolankatu', 'reisjrvi', 'lapland', '43870', '05-979-953', 23, 4),
('emil', 'kotila', 'emil.kotila@example.com', 'bendover', '9266 hermiankatu', 'krkl', 'central finland', '15406', '06-153-705', 24, 4),
('alisa', 'peltonen', 'alisa.peltonen@example.com', 'vedder', '5327 aleksanterinkatu', 'kemi', 'land', '49684', '04-616-048', 25, 2),
('arttu', 'huotari', 'arttu.huotari@example.com', 'herbert', '4194 visiokatu', 'laihia', 'south karelia', '55195', '08-407-125', 26, 3),
('toivo', 'manner', 'toivo.manner@example.com', 'boobies', '7586 korkeavuorenkatu', 'mntt', 'finland proper', '37211', '07-874-054', 27, 2),
('viljami', 'hatala', 'viljami.hatala@example.com', 'consumer', '5020 rautatienkatu', 'sievi', 'land', '41375', '08-553-126', 28, 3),
('nelli', 'peltonen', 'nelli.peltonen@example.com', 'chippy', '8117 hmeenkatu', 'pukkila', 'kainuu', '84439', '04-009-896', 29, 3),
('viljami', 'manni', 'viljami.manni@example.com', 'all4one', '9235 hmeenkatu', 'simo', 'finland proper', '56254', '03-372-879', 30, 2),
('eelis', 'lassila', 'eelis.lassila@example.com', 'silly', '1952 itsenisyydenkatu', 'rkkyl', 'pijt-hme', '53007', '03-277-161', 31, 4),
('ellen', 'lehtinen', 'ellen.lehtinen@example.com', 'duster', '5038 otavalankatu', 'joutsa', 'north karelia', '30448', '03-308-338', 32, 3),
('joona', 'laitinen', 'joona.laitinen@example.com', 'nostromo', '3459 otavalankatu', 'mntt', 'satakunta', '71014', '04-771-817', 33, 1),
('nooa', 'pakkala', 'nooa.pakkala@example.com', 'core', '5402 korkeavuorenkatu', 'reisjrvi', 'satakunta', '82689', '02-480-186', 34, 2),
('ilona', 'latt', 'ilona.latt@example.com', 'canuck', '2561 siilitie', 'pyhranta', 'kymenlaakso', '48015', '03-732-243', 35, 1),
('iiris', 'niskanen', 'iiris.niskanen@example.com', 'screamer', '9895 suvantokatu', 'pieksmki', 'north karelia', '66363', '04-256-175', 36, 1),
('juho', 'lakso', 'juho.lakso@example.com', 'friday', '7437 mechelininkatu', 'pielavesi', 'south karelia', '51669', '02-031-250', 37, 1),
('viivi', 'pulli', 'viivi.pulli@example.com', 'nudes', '1579 hermiankatu', 'kitee', 'north karelia', '26591', '02-912-797', 38, 2),
('minea', 'moilanen', 'minea.moilanen@example.com', '222222', '9360 hatanpn valtatie', 'nilsi', 'kainuu', '10338', '09-954-951', 39, 3),
('kasper', 'pesola', 'kasper.pesola@example.com', 'metal', '9398 nordenskildinkatu', 'tervo', 'ostrobothnia', '41829', '04-344-118', 40, 2),
('sanni', 'laitinen', 'sanni.laitinen@example.com', 'call', '5553 rotuaari', 'siikalatva', 'satakunta', '60825', '05-345-102', 41, 3),
('oskari', 'jutila', 'oskari.jutila@example.com', 'coldbeer', '1775 esplanadi', 'turku', 'central finland', '55497', '04-416-085', 42, 4),
('sofia', 'hiltunen', 'sofia.hiltunen@example.com', '987654', '9557 tahmelantie', 'huittinen', 'satakunta', '11712', '06-937-949', 43, 3),
('julius', 'ollila', 'julius.ollila@example.com', 'gotribe', '1255 tahmelantie', 'kustavi', 'northern savonia', '54852', '07-195-053', 44, 1),
('emilia', 'saarinen', 'emilia.saarinen@example.com', 'trumpet', '3762 verkatehtaankatu', 'heinola', 'north karelia', '89605', '09-475-981', 45, 1),
('arttu', 'toro', 'arttu.toro@example.com', 'speedway', '5063 hmeentie', 'vhkyr', 'north karelia', '26653', '07-254-816', 46, 4),
('ellen', 'salminen', 'ellen.salminen@example.com', 'just4fun', '6144 visiokatu', 'tyrnv', 'uusimaa', '82792', '09-363-135', 47, 2),
('hilla', 'palo', 'hilla.palo@example.com', 'wheeler', '3391 hermiankatu', 'kannus', 'central ostrobothnia', '45411', '05-846-689', 48, 1),
('veeti', 'hamalainen', 'veeti.hamalainen@example.com', 'first', '9885 hmeenkatu', 'seinjoki', 'central finland', '51183', '07-380-823', 49, 3),
('oliver', 'ramo', 'oliver.ramo@example.com', 'bonovox', '2097 rautatienkatu', 'kaavi', 'uusimaa', '50292', '08-242-150', 50, 4),
('peetu', 'kemppainen', 'peetu.kemppainen@example.com', 'kang', '7917 korkeavuorenkatu', 'ypj', 'north karelia', '69418', '02-869-250', 51, 2),
('eino', 'lampo', 'eino.lampo@example.com', 'ting', '6318 korkeavuorenkatu', 'pukkila', 'north karelia', '33136', '03-801-167', 52, 4),
('konsta', 'salonen', 'konsta.salonen@example.com', 'nittany', '3748 rotuaari', 'haapajrvi', 'central ostrobothnia', '73820', '04-449-986', 53, 1),
('amanda', 'walli', 'amanda.walli@example.com', 'mercury1', '5898 suvantokatu', 'kauhajoki', 'pirkanmaa', '74820', '03-634-896', 54, 2),
('lotta', 'ahonen', 'lotta.ahonen@example.com', 'uuuuuu', '3172 tahmelantie', 'ristijrvi', 'southern ostrobothnia', '29037', '05-952-907', 55, 1),
('isla', 'keranen', 'isla.keranen@example.com', 'chevys', '1562 tehtaankatu', 'kerava', 'pirkanmaa', '32286', '06-851-121', 56, 3),
('juho', 'niska', 'juho.niska@example.com', 'kate', '6077 aleksanterinkatu', 'tammela', 'satakunta', '32544', '05-371-221', 57, 1),
('leevi', 'peltola', 'leevi.peltola@example.com', 'kappa', '6897 otavalankatu', 'sotkamo', 'finland proper', '57694', '02-701-903', 58, 1),
('aino', 'joki', 'aino.joki@example.com', '2828', '3655 rautatienkatu', 'paimio', 'kainuu', '40038', '06-589-291', 59, 1),
('elsa', 'jokinen', 'elsa.jokinen@example.com', 'lover1', '9075 tehtaankatu', 'kustavi', 'kymenlaakso', '70405', '05-916-244', 60, 2),
('roope', 'niemi', 'roope.niemi@example.com', 'business', '9718 bulevardi', 'viitasaari', 'tavastia proper', '55482', '09-330-839', 61, 2),
('leevi', 'niemela', 'leevi.niemela@example.com', 'sparrow', '9984 esplanadi', 'pertunmaa', 'northern savonia', '26785', '04-218-451', 62, 3),
('ella', 'kari', 'ella.kari@example.com', 'sithlord', '6859 siilitie', 'muonio', 'northern ostrobothnia', '74004', '07-009-896', 63, 4),
('nelli', 'kemppainen', 'nelli.kemppainen@example.com', 'shibby', '5691 hmeentie', 'nekoski', 'lapland', '34816', '05-787-216', 64, 3),
('iiris', 'waisanen', 'iiris.waisanen@example.com', 'pong', '7904 fredrikinkatu', 'kangasala', 'pijt-hme', '33416', '07-462-493', 65, 4),
('enni', 'laitinen', 'enni.laitinen@example.com', 'asdfgh', '9517 myllypuronkatu', 'lempl', 'pirkanmaa', '78757', '09-568-435', 66, 3),
('iina', 'laine', 'iina.laine@example.com', 'pablo', '8267 mannerheimintie', 'porvoo', 'north karelia', '24296', '05-491-864', 67, 2),
('eelis', 'huhtala', 'eelis.huhtala@example.com', 'pulled', '7446 verkatehtaankatu', 'nivala', 'northern ostrobothnia', '30469', '04-486-556', 68, 2),
('sanni', 'jarvinen', 'sanni.jarvinen@example.com', 'gooner', '2562 hmeentie', 'polvijrvi', 'kainuu', '48087', '06-145-550', 69, 2),
('aapo', 'salmi', 'aapo.salmi@example.com', 'pamela', '1055 satakennankatu', 'toivakka', 'land', '70940', '05-732-423', 70, 3),
('ellen', 'harju', 'ellen.harju@example.com', 'justine', '8352 korkeavuorenkatu', 'siikalatva', 'land', '99857', '03-745-688', 71, 4),
('emil', 'pietila', 'emil.pietila@example.com', 'pirates', '2193 tehtaankatu', 'kaarina', 'southern ostrobothnia', '12430', '02-467-311', 72, 1),
('konsta', 'hannula', 'konsta.hannula@example.com', 'tranny', '3906 rotuaari', 'jalasjrvi', 'finland proper', '31578', '07-656-137', 73, 4),
('elsa', 'kumpula', 'elsa.kumpula@example.com', 'joel', '9658 fredrikinkatu', 'laukaa', 'satakunta', '89051', '04-659-566', 74, 2),
('oona', 'leppo', 'oona.leppo@example.com', 'loser1', '3197 tahmelantie', 'kalajoki', 'south karelia', '15651', '09-086-732', 75, 1),
('konsta', 'korpi', 'konsta.korpi@example.com', 'neptune', '1136 korkeavuorenkatu', 'juankoski', 'pirkanmaa', '35808', '02-984-122', 76, 1),
('peppi', 'niemela', 'peppi.niemela@example.com', 'damon', '5035 suvantokatu', 'korsns', 'kainuu', '62959', '06-615-413', 77, 4),
('siiri', 'nevala', 'siiri.nevala@example.com', 'justine', '6714 satakennankatu', 'jakobstad', 'northern ostrobothnia', '58747', '05-806-230', 78, 1),
('minea', 'tuominen', 'minea.tuominen@example.com', 'buttons', '1784 nordenskildinkatu', 'orip', 'land', '49041', '08-599-887', 79, 3),
('rasmus', 'pollari', 'rasmus.pollari@example.com', 'indigo', '4459 reijolankatu', 'sysm', 'southern ostrobothnia', '25339', '09-842-317', 80, 2),
('ronja', 'heino', 'ronja.heino@example.com', 'magpies', '8786 itsenisyydenkatu', 'asikkala', 'central ostrobothnia', '71153', '06-554-895', 81, 1),
('topias', 'perko', 'topias.perko@example.com', 'heynow', '4824 mannerheimintie', 'pyhjoki', 'kainuu', '38734', '09-831-135', 82, 2),
('julia', 'koivisto', 'julia.koivisto@example.com', 'dawn', '5932 itsenisyydenkatu', 'ilmajoki', 'ostrobothnia', '81750', '04-139-820', 83, 3),
('onni', 'koivisto', 'onni.koivisto@example.com', 'lala', '1819 tahmelantie', 'salo', 'satakunta', '68616', '02-286-799', 84, 2),
('pinja', 'aalto', 'pinja.aalto@example.com', 'lake', '6654 tahmelantie', 'pomarkku', 'land', '17515', '06-504-801', 85, 4),
('milja', 'koski', 'milja.koski@example.com', 'comedy', '8893 hmeentie', 'kiuruvesi', 'land', '35385', '03-419-328', 86, 4),
('eeli', 'lehtinen', 'eeli.lehtinen@example.com', 'chewbacc', '2390 otavalankatu', 'hartola', 'northern savonia', '79990', '05-666-339', 87, 3),
('oliver', 'justi', 'oliver.justi@example.com', 'wildone', '9950 pispalan valtatie', 'kuortane', 'southern savonia', '93703', '09-593-231', 88, 2),
('lenni', 'kyllo', 'lenni.kyllo@example.com', 'fist', '9101 siilitie', 'kihni', 'pirkanmaa', '73553', '04-538-146', 89, 4),
('amanda', 'heinonen', 'amanda.heinonen@example.com', 'ursula', '3555 rautatienkatu', 'vaasa', 'northern ostrobothnia', '40600', '08-808-300', 90, 3),
('toivo', 'saksa', 'toivo.saksa@example.com', 'redalert', '4278 visiokatu', 'lapinjrvi', 'land', '26882', '04-803-408', 91, 3),
('aatu', 'hiltunen', 'aatu.hiltunen@example.com', '1122', '2764 fredrikinkatu', 'pieksmki', 'central finland', '13454', '06-556-586', 92, 3),
('eemeli', 'seppala', 'eemeli.seppala@example.com', 'angel1', '1346 verkatehtaankatu', 'kerava', 'central finland', '78706', '03-226-338', 93, 3),
('eevi', 'wainio', 'eevi.wainio@example.com', 'love1', '9142 myllypuronkatu', 'kumlinge', 'finland proper', '30815', '04-198-353', 94, 1),
('joona', 'tuomala', 'joona.tuomala@example.com', 'woodman', '5232 fredrikinkatu', 'konnevesi', 'pirkanmaa', '44152', '06-232-917', 95, 4),
('eino', 'kyllonen', 'eino.kyllonen@example.com', 'wanda', '3164 rotuaari', 'kurikka', 'central finland', '57392', '04-427-708', 96, 3),
('oliver', 'kuusisto', 'oliver.kuusisto@example.com', 'bearcat', '6275 nordenskildinkatu', 'kolari', 'southern savonia', '61382', '09-748-595', 97, 1),
('leevi', 'polon', 'leevi.polon@example.com', 'deacon', '8344 fredrikinkatu', 'pargas', 'central finland', '41835', '02-074-380', 98, 4),
('ellen', 'halonen', 'ellen.halonen@example.com', '21122112', '4564 rautatienkatu', 'kajaani', 'satakunta', '47544', '07-431-845', 99, 2),
('leevi', 'hakola', 'leevi.hakola@example.com', 'gravity', '1661 hatanpn valtatie', 'fgl', 'finland proper', '87908', '06-359-078', 100, 2),
('pihla', 'elo', 'pihla.elo@example.com', 'username', '1739 nordenskildinkatu', 'posio', 'finland proper', '70148', '05-609-398', 101, 1),
('juho', 'salmela', 'juho.salmela@example.com', 'hotboy', '6650 esplanadi', 'rantasalmi', 'kymenlaakso', '45016', '06-500-418', 102, 2),
('peppi', 'karvonen', 'peppi.karvonen@example.com', 'tito', '4250 korkeavuorenkatu', 'larsmo', 'land', '49836', '03-137-325', 103, 1),
('jimi', 'niva', 'jimi.niva@example.com', 'close-up', '1074 pispalan valtatie', 'riihimki', 'southern savonia', '33393', '05-301-349', 104, 3),
('oliver', 'kumpula', 'oliver.kumpula@example.com', 'immortal', '9092 satakennankatu', 'hmeenkyr', 'central finland', '96356', '02-176-379', 105, 3),
('matias', 'eskola', 'matias.eskola@example.com', 'anubis', '6439 fredrikinkatu', 'teuva', 'north karelia', '74355', '09-957-983', 106, 1),
('matias', 'salmela', 'matias.salmela@example.com', 'robins', '9147 rautatienkatu', 'lemland', 'central ostrobothnia', '81632', '02-498-831', 107, 3),
('lauri', 'polon', 'lauri.polon@example.com', 'janelle', '5281 reijolankatu', 'laihia', 'pijt-hme', '89316', '09-873-377', 108, 2),
('arttu', 'tolonen', 'arttu.tolonen@example.com', 'nemesis', '9574 itsenisyydenkatu', 'hamina', 'kainuu', '49993', '06-659-386', 109, 2),
('emilia', 'eskola', 'emilia.eskola@example.com', 'clover', '9161 rautatienkatu', 'kkar', 'central finland', '16194', '05-229-903', 110, 2),
('matilda', 'niskanen', 'matilda.niskanen@example.com', 'huge', '1712 esplanadi', 'vesanto', 'tavastia proper', '21244', '05-141-596', 111, 4),
('otto', 'kotila', 'otto.kotila@example.com', 'vette', '6638 rautatienkatu', 'multia', 'pirkanmaa', '59131', '09-312-757', 112, 2),
('siiri', 'murto', 'siiri.murto@example.com', 'fidelio', '5411 pyynikintie', 'siikainen', 'southern ostrobothnia', '73085', '05-839-723', 113, 2),
('ronja', 'wuori', 'ronja.wuori@example.com', '2000', '4327 myllypuronkatu', 'jomala', 'ostrobothnia', '48012', '06-556-861', 114, 1),
('eelis', 'lampi', 'eelis.lampi@example.com', 'dogs', '5608 myllypuronkatu', 'jrvenp', 'south karelia', '53616', '06-968-214', 115, 3),
('hilla', 'kivisto', 'hilla.kivisto@example.com', '1112', '3091 myllypuronkatu', 'mntyharju', 'northern ostrobothnia', '70971', '06-427-953', 116, 4),
('pinja', 'huotari', 'pinja.huotari@example.com', 'menace', '7969 hmeenkatu', 'lumparland', 'northern ostrobothnia', '24884', '03-364-479', 117, 1),
('viljami', 'jarvela', 'viljami.jarvela@example.com', 'robins', '1570 mannerheimintie', 'tampere', 'northern ostrobothnia', '59888', '08-038-244', 118, 4),
('nelli', 'erkkila', 'nelli.erkkila@example.com', 'lesbians', '5690 hmeenkatu', 'kuusamo', 'ostrobothnia', '86456', '04-953-226', 119, 2),
('saana', 'maunu', 'saana.maunu@example.com', 'body', '4629 fredrikinkatu', 'miehikkl', 'north karelia', '76342', '09-907-962', 120, 3),
('konsta', 'ruona', 'konsta.ruona@example.com', 'tuna', '2810 pirkankatu', 'hyvink', 'tavastia proper', '11784', '08-023-279', 121, 2),
('daniel', 'peltonen', 'daniel.peltonen@example.com', 'wesley', '7446 hmeenkatu', 'porvoo', 'southern ostrobothnia', '97763', '07-533-826', 122, 4),
('luukas', 'ojala', 'luukas.ojala@example.com', 'commando', '1638 pirkankatu', 'vhkyr', 'satakunta', '90972', '06-687-077', 123, 2),
('konsta', 'aalto', 'konsta.aalto@example.com', 'lacrosse', '4934 rotuaari', 'ecker', 'south karelia', '35823', '03-861-347', 124, 4),
('topias', 'peura', 'topias.peura@example.com', 'twilight', '3102 visiokatu', 'luumki', 'south karelia', '36600', '04-070-124', 125, 4),
('elias', 'pietila', 'elias.pietila@example.com', 'squerting', '9371 rautatienkatu', 'humppila', 'central ostrobothnia', '23671', '02-016-634', 126, 4),
('anton', 'saksa', 'anton.saksa@example.com', 'holein1', '9257 pispalan valtatie', 'korsns', 'land', '41424', '07-042-292', 127, 3),
('leo', 'waisanen', 'leo.waisanen@example.com', '1234abcd', '1061 hatanpn valtatie', 'lavia', 'satakunta', '14793', '02-148-329', 128, 2),
('topias', 'huhtala', 'topias.huhtala@example.com', 'prowler', '2423 aleksanterinkatu', 'toholampi', 'finland proper', '25447', '03-283-064', 129, 3),
('eeli', 'kauppila', 'eeli.kauppila@example.com', 'maverick', '9052 mechelininkatu', 'nakkila', 'ostrobothnia', '17995', '06-540-135', 130, 1),
('julius', 'hamalainen', 'julius.hamalainen@example.com', 'fishin', '1835 mechelininkatu', 'rautalampi', 'satakunta', '18110', '04-751-874', 131, 4),
('aapo', 'jarvela', 'aapo.jarvela@example.com', 'farside', '8895 hatanpn valtatie', 'nivala', 'north karelia', '46231', '06-067-760', 132, 3),
('elsa', 'savela', 'elsa.savela@example.com', 'insertions', '3488 visiokatu', 'pyty', 'pirkanmaa', '67657', '06-104-065', 133, 1),
('nooa', 'kyllonen', 'nooa.kyllonen@example.com', '246810', '1711 hmeenkatu', 'pudasjrvi', 'kymenlaakso', '16004', '08-577-062', 134, 4),
('peppi', 'tervo', 'peppi.tervo@example.com', 'plum', '3005 verkatehtaankatu', 'ilmajoki', 'lapland', '72887', '03-889-435', 135, 4),
('vilho', 'marttila', 'vilho.marttila@example.com', 'texas1', '4964 pispalan valtatie', 'sund', 'kainuu', '32523', '09-594-995', 136, 2),
('helmi', 'sakala', 'helmi.sakala@example.com', 'gerald', '5792 bulevardi', 'hirvensalmi', 'tavastia proper', '72304', '03-228-631', 137, 1),
('eino', 'hatala', 'eino.hatala@example.com', 'shaman', '4459 reijolankatu', 'hammarland', 'central finland', '67784', '07-599-994', 138, 2),
('aapo', 'halla', 'aapo.halla@example.com', 'mannn', '2021 pirkankatu', 'muonio', 'kainuu', '27138', '06-713-813', 139, 4),
('akseli', 'lauri', 'akseli.lauri@example.com', 'rush', '4740 tehtaankatu', 'pornainen', 'land', '16353', '03-542-746', 140, 1),
('eemil', 'niskanen', 'eemil.niskanen@example.com', 'spanner', '8741 tehtaankatu', 'pertunmaa', 'lapland', '96827', '03-067-705', 141, 1),
('minttu', 'nikula', 'minttu.nikula@example.com', 'beefcake', '4183 visiokatu', 'malax', 'southern savonia', '49355', '09-271-343', 142, 2),
('daniel', 'jutila', 'daniel.jutila@example.com', 'redred', '4892 otavalankatu', 'heinola', 'finland proper', '32195', '02-504-979', 143, 2),
('vin', 'kari', 'vin.kari@example.com', 'concord', '7872 pispalan valtatie', 'juuka', 'satakunta', '70027', '06-919-033', 144, 2),
('vin', 'laine', 'vin.laine@example.com', 'bizkit', '9247 tahmelantie', 'parkano', 'south karelia', '19776', '02-835-926', 145, 2),
('leevi', 'lahti', 'leevi.lahti@example.com', 'acidburn', '3048 hermiankatu', 'haapajrvi', 'kymenlaakso', '86066', '09-716-450', 146, 2),
('hilla', 'laurila', 'hilla.laurila@example.com', 'bigfish', '1595 hatanpn valtatie', 'nykarleby', 'uusimaa', '91429', '09-339-557', 147, 2),
('juho', 'pulli', 'juho.pulli@example.com', 'jennaj', '7836 pispalan valtatie', 'kumlinge', 'pijt-hme', '72699', '05-284-366', 148, 4),
('elli', 'peltonen', 'elli.peltonen@example.com', 'backup', '3539 tahmelantie', 'lapinjrvi', 'northern savonia', '96173', '04-131-992', 149, 1),
('nelli', 'valli', 'nelli.valli@example.com', 'pineappl', '2216 hmeenkatu', 'plkne', 'satakunta', '67330', '08-970-932', 150, 4),
('viljami', 'halko', 'viljami.halko@example.com', 'jacques', '5612 hermiankatu', 'joensuu', 'uusimaa', '69518', '03-152-687', 151, 3),
('peppi', 'aalto', 'peppi.aalto@example.com', 'death1', '1658 pispalan valtatie', 'riihimki', 'lapland', '66480', '02-445-866', 152, 2),
('elli', 'halonen', 'elli.halonen@example.com', 'kenwood', '3598 hmeenkatu', 'kiikoinen', 'pirkanmaa', '69198', '08-658-057', 153, 4),
('anni', 'leppo', 'anni.leppo@example.com', 'busty', '3752 verkatehtaankatu', 'vimpeli', 'finland proper', '39864', '09-169-923', 154, 2),
('leevi', 'kari', 'leevi.kari@example.com', 'violin', '4397 aleksanterinkatu', 'karvia', 'finland proper', '37071', '09-211-515', 155, 1),
('viljami', 'korhonen', 'viljami.korhonen@example.com', 'dong', '3269 pispalan valtatie', 'kiuruvesi', 'lapland', '49313', '09-973-534', 156, 3),
('iiris', 'jokela', 'iiris.jokela@example.com', 'west', '7281 itsenisyydenkatu', 'lahti', 'south karelia', '10048', '04-877-165', 157, 3),
('lenni', 'pulli', 'lenni.pulli@example.com', 'viagra', '5889 hmeenkatu', 'laihia', 'uusimaa', '73781', '04-025-801', 158, 2),
('luukas', 'saarinen', 'luukas.saarinen@example.com', 'basset', '1426 esplanadi', 'jrvenp', 'southern savonia', '78682', '04-937-089', 159, 1),
('lauri', 'rautio', 'lauri.rautio@example.com', 'leather', '2974 suvantokatu', 'valkeakoski', 'southern ostrobothnia', '80112', '04-741-146', 160, 2),
('pinja', 'korpela', 'pinja.korpela@example.com', 'lolo', '6810 suvantokatu', 'kiuruvesi', 'northern savonia', '89638', '02-750-506', 161, 3),
('lauri', 'niskanen', 'lauri.niskanen@example.com', 'diamond', '1587 fredrikinkatu', 'leppvirta', 'pijt-hme', '94929', '06-532-841', 162, 3),
('pinja', 'wuori', 'pinja.wuori@example.com', '343434', '9202 itsenisyydenkatu', 'ruokolahti', 'satakunta', '85066', '03-557-398', 163, 3),
('elli', 'jarvinen', 'elli.jarvinen@example.com', 'kittycat', '1267 mannerheimintie', 'puolanka', 'satakunta', '37701', '09-861-733', 164, 1),
('enni', 'rinne', 'enni.rinne@example.com', 'bombay', '9828 mannerheimintie', 'kauniainen', 'pijt-hme', '93293', '03-876-163', 165, 3),
('viivi', 'walli', 'viivi.walli@example.com', 'warcraft', '8548 myllypuronkatu', 'sulkava', 'central finland', '48254', '08-682-466', 166, 3),
('eetu', 'pelto', 'eetu.pelto@example.com', 'martini', '8282 hmeenkatu', 'jmijrvi', 'finland proper', '26320', '04-297-748', 167, 1),
('aatu', 'sakala', 'aatu.sakala@example.com', 'fishing1', '7419 bulevardi', 'juuka', 'southern ostrobothnia', '31206', '09-789-405', 168, 4),
('neea', 'huhta', 'neea.huhta@example.com', 'tasha', '2354 itsenisyydenkatu', 'helsinki', 'northern ostrobothnia', '57986', '07-995-136', 169, 3),
('roope', 'heinonen', 'roope.heinonen@example.com', 'dogwood', '6294 satakennankatu', 'vesilahti', 'northern ostrobothnia', '61617', '08-092-352', 170, 2),
('juho', 'oja', 'juho.oja@example.com', 'focus', '8087 pyynikintie', 'savonlinna', 'pijt-hme', '31959', '04-159-240', 171, 3),
('anni', 'raisanen', 'anni.raisanen@example.com', 'dorothy', '2387 otavalankatu', 'virolahti', 'lapland', '95095', '03-760-991', 172, 4),
('onni', 'ruona', 'onni.ruona@example.com', 'annmarie', '3759 otavalankatu', 'merijrvi', 'pirkanmaa', '78471', '08-535-977', 173, 2),
('ellen', 'niskanen', 'ellen.niskanen@example.com', 'garion', '1608 pyynikintie', 'luvia', 'lapland', '10665', '07-886-743', 174, 1),
('peppi', 'hanninen', 'peppi.hanninen@example.com', 'mothers', '6687 mechelininkatu', 'lemland', 'southern ostrobothnia', '87185', '05-593-443', 175, 2),
('topias', 'leinonen', 'topias.leinonen@example.com', 'kerstin', '9704 otavalankatu', 'kokemki', 'lapland', '42578', '06-220-095', 176, 2),
('rasmus', 'salminen', 'rasmus.salminen@example.com', 'denver', '7974 hmeentie', 'hyvink', 'ostrobothnia', '15552', '03-618-674', 177, 3),
('ella', 'maunu', 'ella.maunu@example.com', 'island', '6547 myllypuronkatu', 'akaa', 'south karelia', '76163', '02-609-427', 178, 4),
('vilma', 'rantala', 'vilma.rantala@example.com', 'pornking', '4997 fredrikinkatu', 'nokia', 'lapland', '34661', '08-450-045', 179, 2),
('lumi', 'tikkanen', 'lumi.tikkanen@example.com', 'gamecube', '9818 fredrikinkatu', 'huittinen', 'pirkanmaa', '29567', '08-096-228', 180, 4),
('ellen', 'ollila', 'ellen.ollila@example.com', 'dolly', '1540 mannerheimintie', 'sievi', 'central finland', '63161', '07-964-798', 181, 2),
('mikael', 'wiita', 'mikael.wiita@example.com', 'peters', '3444 rautatienkatu', 'geta', 'satakunta', '86843', '02-116-828', 182, 2),
('julius', 'ahola', 'julius.ahola@example.com', 'hedgehog', '2850 siilitie', 'heinvesi', 'central ostrobothnia', '24600', '06-715-309', 183, 1),
('toivo', 'kalm', 'toivo.kalm@example.com', 'marisa', '9452 mannerheimintie', 'pyhjrvi', 'kainuu', '65185', '09-267-531', 184, 2),
('eino', 'autio', 'eino.autio@example.com', 'vicky', '7911 pirkankatu', 'pomarkku', 'central ostrobothnia', '61924', '06-929-090', 185, 4),
('oona', 'kujala', 'oona.kujala@example.com', 'company', '6305 hatanpn valtatie', 'finstrm', 'south karelia', '19734', '07-678-987', 186, 2),
('elias', 'halla', 'elias.halla@example.com', 'aaaa', '7547 suvantokatu', 'perho', 'southern savonia', '81018', '02-267-135', 187, 3),
('olivia', 'lakso', 'olivia.lakso@example.com', 'idiot', '1929 tahmelantie', 'posio', 'southern savonia', '77176', '05-680-464', 188, 3),
('emilia', 'pietila', 'emilia.pietila@example.com', 'dome', '3394 hermiankatu', 'kaavi', 'southern savonia', '41512', '07-781-544', 189, 4),
('oskari', 'hautala', 'oskari.hautala@example.com', 'laptop', '2041 tehtaankatu', 'inari', 'southern savonia', '89294', '09-994-787', 190, 3),
('elsa', 'erkkila', 'elsa.erkkila@example.com', 'shelly', '9380 suvantokatu', 'pello', 'uusimaa', '55451', '05-306-467', 191, 1),
('lotta', 'seppanen', 'lotta.seppanen@example.com', 'this', '5998 fredrikinkatu', 'kauniainen', 'southern ostrobothnia', '83522', '02-939-052', 192, 4),
('julia', 'polon', 'julia.polon@example.com', 'zodiac', '8629 satakennankatu', 'merijrvi', 'north karelia', '61871', '08-667-232', 193, 2),
('aapo', 'elo', 'aapo.elo@example.com', 'lighter', '2829 mechelininkatu', 'lestijrvi', 'south karelia', '84083', '07-115-153', 194, 1),
('nelli', 'huhta', 'nelli.huhta@example.com', 'senior', '1187 siilitie', 'ulvila', 'uusimaa', '66712', '03-073-295', 195, 1),
('joel', 'rantanen', 'joel.rantanen@example.com', 'lori', '9389 itsenisyydenkatu', 'hyvink', 'pijt-hme', '30870', '09-723-616', 196, 1),
('nooa', 'hokkanen', 'nooa.hokkanen@example.com', 'guang', '4520 otavalankatu', 'merijrvi', 'land', '37237', '07-179-526', 197, 2),
('aatu', 'leinonen', 'aatu.leinonen@example.com', 'texas', '4262 pispalan valtatie', 'geta', 'uusimaa', '72221', '07-162-507', 198, 2),
('eetu', 'kinnunen', 'eetu.kinnunen@example.com', 'corona', '1280 otavalankatu', 'lappeenranta', 'tavastia proper', '30356', '05-432-278', 199, 1),
('pinja', 'rantala', 'pinja.rantala@example.com', 'uuuuuu', '3225 hmeenkatu', 'nivala', 'kainuu', '69915', '04-812-296', 200, 2),
('leevi', 'wiitala', 'leevi.wiitala@example.com', 'hottest', '8697 myllypuronkatu', 'siilinjrvi', 'pijt-hme', '86207', '07-033-009', 201, 3),
('onni', 'keto', 'onni.keto@example.com', 'teddy1', '4928 itsenisyydenkatu', 'taivassalo', 'southern ostrobothnia', '46507', '05-379-019', 202, 2),
('aino', 'koski', 'aino.koski@example.com', 'semperfi', '6461 tehtaankatu', 'jalasjrvi', 'northern ostrobothnia', '63114', '09-091-780', 203, 3),
('jesse', 'karvonen', 'jesse.karvonen@example.com', '1215', '1725 verkatehtaankatu', 'pieksmki', 'south karelia', '42376', '07-340-924', 204, 3),
('olivia', 'pollari', 'olivia.pollari@example.com', 'dogg', '7851 rotuaari', 'pyht', 'northern savonia', '98750', '04-706-624', 205, 4),
('topias', 'salmi', 'topias.salmi@example.com', 'rhodes', '3165 hatanpn valtatie', 'ristijrvi', 'kymenlaakso', '31277', '02-749-481', 206, 3),
('valtteri', 'lampo', 'valtteri.lampo@example.com', 'buttercu', '2286 nordenskildinkatu', 'keslahti', 'south karelia', '82689', '07-358-651', 207, 3),
('emmi', 'kivisto', 'emmi.kivisto@example.com', 'pistons', '9050 hermiankatu', 'paltamo', 'pijt-hme', '53395', '07-296-158', 208, 1),
('lumi', 'keranen', 'lumi.keranen@example.com', 'tiberius', '4406 reijolankatu', 'simo', 'pijt-hme', '23144', '06-972-080', 209, 4),
('eelis', 'hautala', 'eelis.hautala@example.com', '1227', '3053 rautatienkatu', 'kumlinge', 'tavastia proper', '60787', '09-492-482', 210, 2),
('leevi', 'hiltunen', 'leevi.hiltunen@example.com', 'juventus', '5192 aleksanterinkatu', 'kustavi', 'kainuu', '88155', '08-068-318', 211, 4),
('nella', 'mantyla', 'nella.mantyla@example.com', 'wildbill', '7650 itsenisyydenkatu', 'salo', 'uusimaa', '88285', '06-662-082', 212, 1),
('anton', 'salmela', 'anton.salmela@example.com', 'darius', '5798 hmeenkatu', 'lappeenranta', 'central ostrobothnia', '85746', '09-227-809', 213, 3),
('emil', 'hannula', 'emil.hannula@example.com', 'tulips', '9221 mechelininkatu', 'hausjrvi', 'finland proper', '54253', '03-963-724', 214, 2),
('veeti', 'kumpula', 'veeti.kumpula@example.com', 'james', '1172 mannerheimintie', 'korsns', 'ostrobothnia', '29213', '05-005-010', 215, 3),
('aada', 'tuomi', 'aada.tuomi@example.com', 'angela1', '7646 myllypuronkatu', 'juankoski', 'central finland', '20128', '02-910-603', 216, 2),
('aatu', 'keto', 'aatu.keto@example.com', 'oooo', '2679 mechelininkatu', 'lapinlahti', 'satakunta', '45625', '07-633-602', 217, 3),
('joona', 'anttila', 'joona.anttila@example.com', 'bigbig', '7873 otavalankatu', 'oulu', 'southern ostrobothnia', '47408', '06-556-032', 218, 4),
('eemil', 'hakala', 'eemil.hakala@example.com', 'niao', '7640 suvantokatu', 'virolahti', 'northern ostrobothnia', '70876', '04-840-298', 219, 1),
('anni', 'puro', 'anni.puro@example.com', 'eclipse1', '9481 bulevardi', 'karkkila', 'finland proper', '45902', '03-340-156', 220, 3),
('toivo', 'manner', 'toivo.manner@example.com', 'magnus', '1080 siilitie', 'polvijrvi', 'ostrobothnia', '30077', '04-366-024', 221, 1),
('eeli', 'lampinen', 'eeli.lampinen@example.com', 'iiiiiii', '7481 bulevardi', 'maaninka', 'satakunta', '16774', '08-138-295', 222, 3),
('veera', 'heikkinen', 'veera.heikkinen@example.com', 'birthday', '9818 hmeenkatu', 'kokkola', 'southern savonia', '93932', '05-212-286', 223, 1),
('ilona', 'halonen', 'ilona.halonen@example.com', 'flower', '3827 myllypuronkatu', 'honkajoki', 'uusimaa', '73174', '08-670-050', 224, 3),
('vin', 'toro', 'vin.toro@example.com', 'ginger', '3551 pirkankatu', 'askola', 'southern ostrobothnia', '34006', '08-080-193', 225, 2),
('elias', 'valli', 'elias.valli@example.com', 'chickens', '6319 aleksanterinkatu', 'muurame', 'pirkanmaa', '57220', '02-600-406', 226, 1),
('ronja', 'hatala', 'ronja.hatala@example.com', 'ncc1701', '1215 hatanpn valtatie', 'juankoski', 'lapland', '47968', '04-943-586', 227, 2),
('hilla', 'kilpela', 'hilla.kilpela@example.com', 'naked', '5458 rautatienkatu', 'liminka', 'lapland', '60345', '03-876-310', 228, 3),
('oskari', 'wainio', 'oskari.wainio@example.com', 'vladimir', '4257 tahmelantie', 'vesanto', 'northern savonia', '78604', '09-941-681', 229, 1),
('eino', 'hiltunen', 'eino.hiltunen@example.com', 'geoffrey', '1134 otavalankatu', 'pomarkku', 'pijt-hme', '20967', '03-692-610', 230, 1),
('eetu', 'niemi', 'eetu.niemi@example.com', 'sailboat', '1277 tahmelantie', 'mntyharju', 'south karelia', '38350', '04-597-188', 231, 1),
('iida', 'neva', 'iida.neva@example.com', 'high', '3232 otavalankatu', 'muhos', 'tavastia proper', '95512', '09-492-629', 232, 3),
('emma', 'laurila', 'emma.laurila@example.com', '20002000', '2252 reijolankatu', 'perho', 'tavastia proper', '36528', '03-498-206', 233, 3),
('samu', 'hokkanen', 'samu.hokkanen@example.com', 'boulder', '9791 pyynikintie', 'vr', 'northern ostrobothnia', '97628', '03-301-471', 234, 3),
('aino', 'mantyla', 'aino.mantyla@example.com', 'eureka', '5397 hmeenkatu', 'plkne', 'land', '60466', '03-350-880', 235, 1),
('aino', 'rajala', 'aino.rajala@example.com', 'bobdylan', '6369 myllypuronkatu', 'yli', 'north karelia', '72464', '09-753-795', 236, 1),
('linnea', 'ketola', 'linnea.ketola@example.com', 'tower', '7127 otavalankatu', 'veteli', 'pijt-hme', '51399', '05-480-144', 237, 3),
('eeli', 'kuusisto', 'eeli.kuusisto@example.com', 'diehard', '5201 pispalan valtatie', 'vr', 'pirkanmaa', '26486', '02-685-147', 238, 1),
('venla', 'rantala', 'venla.rantala@example.com', 'wings', '5629 tahmelantie', 'kalajoki', 'lapland', '49181', '08-128-958', 239, 3),
('peppi', 'wiita', 'peppi.wiita@example.com', 'cumming', '2553 pyynikintie', 'lempl', 'northern savonia', '96443', '08-361-811', 240, 2),
('samuel', 'kinnunen', 'samuel.kinnunen@example.com', 'python', '5435 nordenskildinkatu', 'puumala', 'satakunta', '24913', '06-939-863', 241, 1),
('nelli', 'joki', 'nelli.joki@example.com', 'peace1', '4749 myllypuronkatu', 'enonkoski', 'ostrobothnia', '69090', '06-015-906', 242, 3),
('roope', 'halko', 'roope.halko@example.com', 'india', '6617 pispalan valtatie', 'utajrvi', 'pijt-hme', '80223', '05-207-097', 243, 1),
('akseli', 'luoma', 'akseli.luoma@example.com', 'trustme', '3049 otavalankatu', 'kuortane', 'northern ostrobothnia', '83865', '02-096-058', 244, 2),
('julia', 'hatala', 'julia.hatala@example.com', 'nasty', '8158 siilitie', 'aura', 'northern savonia', '30230', '08-214-475', 245, 3),
('aino', 'polon', 'aino.polon@example.com', 'space', '7690 esplanadi', 'kokkola', 'land', '29107', '07-151-357', 246, 1),
('enni', 'pollari', 'enni.pollari@example.com', 'augustus', '7039 nordenskildinkatu', 'somero', 'southern ostrobothnia', '59492', '03-613-748', 247, 1),
('kasper', 'rautio', 'kasper.rautio@example.com', 'knock', '7221 suvantokatu', 'liminka', 'satakunta', '16464', '06-105-184', 248, 1),
('veera', 'makinen', 'veera.makinen@example.com', 'goldwing', '5797 itsenisyydenkatu', 'mntsl', 'kainuu', '79023', '05-767-202', 249, 1),
('oona', 'annala', 'oona.annala@example.com', 'mandingo', '5783 tahmelantie', 'laitila', 'ostrobothnia', '14981', '07-716-759', 250, 4),
('sanni', 'tuomi', 'sanni.tuomi@example.com', 'powder', '4922 tehtaankatu', 'kiiminki', 'pijt-hme', '78775', '07-254-020', 251, 1),
('vilma', 'eskola', 'vilma.eskola@example.com', 'entrance', '9156 korkeavuorenkatu', 'kihni', 'finland proper', '22254', '06-817-164', 252, 4),
('veeti', 'tervo', 'veeti.tervo@example.com', '3ip76k2', '1160 satakennankatu', 'sottunga', 'kainuu', '14636', '06-573-409', 253, 3),
('emilia', 'sippola', 'emilia.sippola@example.com', 'kkkkkkkk', '4407 fredrikinkatu', 'nousiainen', 'pijt-hme', '19464', '07-203-995', 254, 3),
('oskari', 'justi', 'oskari.justi@example.com', '191919', '1022 satakennankatu', 'liminka', 'pijt-hme', '84260', '03-376-520', 255, 4),
('iina', 'kyllo', 'iina.kyllo@example.com', 'megaman', '5761 nordenskildinkatu', 'toivakka', 'ostrobothnia', '54419', '04-972-351', 256, 3),
('emilia', 'koivisto', 'emilia.koivisto@example.com', 'ramrod', '8349 rautatienkatu', 'nousiainen', 'pijt-hme', '87815', '06-685-622', 257, 2),
('emilia', 'latt', 'emilia.latt@example.com', 'elijah', '2382 verkatehtaankatu', 'eura', 'southern ostrobothnia', '58362', '05-541-945', 258, 1),
('nelli', 'wuori', 'nelli.wuori@example.com', 'trisha', '8741 nordenskildinkatu', 'ylitornio', 'southern ostrobothnia', '59004', '05-258-202', 259, 4),
('pihla', 'tervo', 'pihla.tervo@example.com', 'dante', '2240 satakennankatu', 'outokumpu', 'lapland', '79245', '07-443-638', 260, 1),
('ellen', 'aho', 'ellen.aho@example.com', 'greg', '7707 aleksanterinkatu', 'kiiminki', 'northern savonia', '82798', '02-759-576', 261, 4),
('minea', 'mattila', 'minea.mattila@example.com', 'kittens', '4182 pyynikintie', 'hammarland', 'southern savonia', '14169', '05-989-911', 262, 4),
('daniel', 'latvala', 'daniel.latvala@example.com', 'maxime', '5366 pispalan valtatie', 'simo', 'kymenlaakso', '37407', '04-762-757', 263, 4),
('arttu', 'tuomala', 'arttu.tuomala@example.com', 'member', '4300 hmeenkatu', 'orimattila', 'lapland', '86227', '04-931-341', 264, 1),
('sanni', 'maijala', 'sanni.maijala@example.com', 'burrito', '4582 itsenisyydenkatu', 'kolari', 'southern ostrobothnia', '47955', '06-642-266', 265, 2),
('miro', 'maijala', 'miro.maijala@example.com', 'fighter', '3507 aleksanterinkatu', 'lemi', 'kainuu', '93361', '03-277-483', 266, 3),
('oliver', 'kauppila', 'oliver.kauppila@example.com', 'tigers1', '1546 pispalan valtatie', 'finstrm', 'pirkanmaa', '91580', '02-076-854', 267, 1),
('oliver', 'heinonen', 'oliver.heinonen@example.com', '10101010', '6936 hermiankatu', 'savukoski', 'pijt-hme', '98012', '04-321-120', 268, 1),
('akseli', 'nikula', 'akseli.nikula@example.com', 'snapper', '8355 rotuaari', 'mntt', 'kainuu', '48904', '08-313-765', 269, 3),
('emmi', 'korpela', 'emmi.korpela@example.com', 'mercury1', '6105 hmeenkatu', 'salo', 'northern savonia', '20346', '09-690-739', 270, 3),
('helmi', 'waisanen', 'helmi.waisanen@example.com', 'sascha', '9719 rotuaari', 'parkano', 'central ostrobothnia', '49792', '09-083-239', 271, 1),
('pinja', 'lepisto', 'pinja.lepisto@example.com', 'nevada', '9008 pirkankatu', 'loppi', 'central finland', '50624', '09-857-527', 272, 2),
('roope', 'ollila', 'roope.ollila@example.com', 'partner', '6405 visiokatu', 'liminka', 'central ostrobothnia', '83504', '04-924-313', 273, 4),
('milja', 'makela', 'milja.makela@example.com', 'supernov', '2153 mechelininkatu', 'fgl', 'ostrobothnia', '37171', '03-041-058', 274, 2),
('nelli', 'heino', 'nelli.heino@example.com', '1995', '5961 itsenisyydenkatu', 'tuusniemi', 'ostrobothnia', '42886', '05-702-054', 275, 3),
('samu', 'salminen', 'samu.salminen@example.com', '000007', '6186 fredrikinkatu', 'kokemki', 'pijt-hme', '64773', '07-245-206', 276, 4),
('sanni', 'wirkkala', 'sanni.wirkkala@example.com', 'hotbox', '7661 suvantokatu', 'vhkyr', 'uusimaa', '81705', '05-132-446', 277, 1),
('oskari', 'tuomi', 'oskari.tuomi@example.com', 'bacardi', '9202 pirkankatu', 'luvia', 'southern savonia', '13911', '02-090-420', 278, 4),
('jimi', 'aalto', 'jimi.aalto@example.com', 'seymour', '5987 hermiankatu', 'lappeenranta', 'satakunta', '28080', '09-718-491', 279, 4),
('pinja', 'kilpela', 'pinja.kilpela@example.com', 'silence', '7662 tehtaankatu', 'vesilahti', 'lapland', '20020', '02-069-499', 280, 4),
('iina', 'haapala', 'iina.haapala@example.com', 'dawgs', '8985 nordenskildinkatu', 'lavia', 'kymenlaakso', '58381', '04-834-512', 281, 2),
('luukas', 'pesola', 'luukas.pesola@example.com', 'goofy', '2598 korkeavuorenkatu', 'honkajoki', 'tavastia proper', '95546', '04-781-520', 282, 1),
('otto', 'heino', 'otto.heino@example.com', 'newbie', '6787 reijolankatu', 'keslahti', 'southern ostrobothnia', '40451', '07-540-426', 283, 1),
('milla', 'nevala', 'milla.nevala@example.com', 'beezer', '3865 hermiankatu', 'urjala', 'south karelia', '81493', '02-620-395', 284, 4),
('alisa', 'wiita', 'alisa.wiita@example.com', 'bullet', '5404 bulevardi', 'keuruu', 'northern ostrobothnia', '81900', '04-817-306', 285, 2),
('ilona', 'pesola', 'ilona.pesola@example.com', '9999999', '9538 mannerheimintie', 'rauma', 'ostrobothnia', '31059', '06-303-804', 286, 3),
('emmi', 'aalto', 'emmi.aalto@example.com', 'barry', '7315 pyynikintie', 'oulainen', 'land', '57157', '06-785-133', 287, 4),
('eeli', 'jarvinen', 'eeli.jarvinen@example.com', 'sasha', '1361 bulevardi', 'salla', 'uusimaa', '74741', '02-637-925', 288, 1),
('aapo', 'wallo', 'aapo.wallo@example.com', 'kermit', '7397 tahmelantie', 'tuusula', 'pijt-hme', '11473', '05-001-162', 289, 3),
('samuel', 'kilpela', 'samuel.kilpela@example.com', '1955', '5902 rotuaari', 'kurikka', 'pijt-hme', '86001', '07-876-273', 290, 2),
('julia', 'wirtanen', 'julia.wirtanen@example.com', 'ball', '9727 aleksanterinkatu', 'ilomantsi', 'lapland', '96988', '07-183-489', 291, 4),
('ella', 'rantala', 'ella.rantala@example.com', 'thesims', '3110 mechelininkatu', 'pori', 'north karelia', '40187', '03-500-273', 292, 1),
('viljami', 'mikkola', 'viljami.mikkola@example.com', 'films', '7421 rautatienkatu', 'joensuu', 'finland proper', '27471', '05-885-242', 293, 4),
('anni', 'lammi', 'anni.lammi@example.com', 'flamingo', '9844 mannerheimintie', 'suonenjoki', 'kymenlaakso', '21080', '04-914-078', 294, 1),
('nooa', 'pelto', 'nooa.pelto@example.com', 'starfire', '4841 hermiankatu', 'alavieska', 'tavastia proper', '15713', '08-231-454', 295, 1),
('iina', 'kauppila', 'iina.kauppila@example.com', 'erection', '8230 pispalan valtatie', 'evijrvi', 'south karelia', '82096', '09-655-086', 296, 3),
('oliver', 'kalm', 'oliver.kalm@example.com', 'jasper', '6840 rautatienkatu', 'kouvola', 'kainuu', '68962', '03-161-888', 297, 1),
('emil', 'salminen', 'emil.salminen@example.com', 'kansas', '4309 hmeentie', 'lemi', 'ostrobothnia', '37810', '06-152-258', 298, 4),
('eeli', 'kivela', 'eeli.kivela@example.com', 'zippo', '1252 visiokatu', 'sodankyl', 'central finland', '19105', '06-038-488', 299, 2),
('iida', 'wainio', 'iida.wainio@example.com', 'clapton', '5411 itsenisyydenkatu', 'muurame', 'ostrobothnia', '26599', '06-120-385', 300, 4),
('minttu', 'lampo', 'minttu.lampo@example.com', 'harley', '7323 pirkankatu', 'korsns', 'southern savonia', '35700', '08-554-634', 301, 4),
('lauri', 'lampi', 'lauri.lampi@example.com', 'pussie', '8452 hatanpn valtatie', 'masku', 'southern savonia', '11018', '08-652-228', 302, 1),
('viljami', 'rinne', 'viljami.rinne@example.com', 'pirate', '8934 korkeavuorenkatu', 'lieksa', 'southern savonia', '90014', '04-169-688', 303, 4),
('minttu', 'pollari', 'minttu.pollari@example.com', 'person', '4017 pispalan valtatie', 'kuhmoinen', 'satakunta', '80944', '02-726-619', 304, 4),
('anton', 'neva', 'anton.neva@example.com', 'venice', '1462 tahmelantie', 'sodankyl', 'southern savonia', '15972', '02-155-411', 305, 2),
('juho', 'sakala', 'juho.sakala@example.com', 'hawkeye', '7791 hermiankatu', 'myrskyl', 'northern savonia', '63902', '09-575-069', 306, 3),
('milja', 'lampinen', 'milja.lampinen@example.com', 'corvette', '2840 bulevardi', 'raseborg', 'lapland', '49627', '02-535-981', 307, 1),
('iida', 'lassila', 'iida.lassila@example.com', 'garage', '9123 otavalankatu', 'liperi', 'pirkanmaa', '46641', '05-697-442', 308, 2),
('lauri', 'waisanen', 'lauri.waisanen@example.com', '353535', '4890 rautatienkatu', 'pielavesi', 'tavastia proper', '69200', '08-686-729', 309, 1),
('nooa', 'pesola', 'nooa.pesola@example.com', 'jules', '6885 korkeavuorenkatu', 'juva', 'southern savonia', '46994', '03-171-683', 310, 1),
('luukas', 'korpela', 'luukas.korpela@example.com', 'newport', '3207 verkatehtaankatu', 'jakobstad', 'pijt-hme', '61943', '02-368-853', 311, 2),
('onni', 'jokela', 'onni.jokela@example.com', 'voodoo', '9212 tahmelantie', 'kittil', 'central ostrobothnia', '26098', '05-744-089', 312, 3),
('samu', 'lehtola', 'samu.lehtola@example.com', 'star69', '4458 hmeenkatu', 'pyhranta', 'kainuu', '47299', '09-922-822', 313, 2),
('pihla', 'kyllo', 'pihla.kyllo@example.com', 'futbol', '1974 tahmelantie', 'hervanta', 'central ostrobothnia', '94249', '08-345-294', 314, 1),
('kerttu', 'salmi', 'kerttu.salmi@example.com', 'haley', '4331 tahmelantie', 'pihtipudas', 'ostrobothnia', '94546', '08-753-914', 315, 3),
('milla', 'tuomi', 'milla.tuomi@example.com', 'architec', '9549 satakennankatu', 'korsns', 'south karelia', '34356', '09-284-385', 316, 1),
('alisa', 'saksa', 'alisa.saksa@example.com', '626262', '2160 aleksanterinkatu', 'krsmki', 'kymenlaakso', '60680', '08-430-877', 317, 4),
('viljami', 'halonen', 'viljami.halonen@example.com', 'woody', '7236 pirkankatu', 'fgl', 'satakunta', '96591', '03-208-248', 318, 4),
('sara', 'hokkanen', 'sara.hokkanen@example.com', 'cramps', '4333 visiokatu', 'tohmajrvi', 'north karelia', '43776', '06-370-596', 319, 1),
('matilda', 'ahonen', 'matilda.ahonen@example.com', 'silver1', '7313 otavalankatu', 'kauniainen', 'south karelia', '80621', '03-775-607', 320, 2),
('leevi', 'sippola', 'leevi.sippola@example.com', 'thisisit', '9753 siilitie', 'parikkala', 'ostrobothnia', '48272', '05-479-393', 321, 1),
('peppi', 'kujala', 'peppi.kujala@example.com', 'kane', '8234 otavalankatu', 'yljrvi', 'central finland', '72202', '07-121-139', 322, 3),
('iida', 'huotari', 'iida.huotari@example.com', 'gobears', '6213 siilitie', 'humppila', 'lapland', '74553', '03-269-047', 323, 4),
('alisa', 'marttila', 'alisa.marttila@example.com', 'sergio', '4715 hmeenkatu', 'kiuruvesi', 'south karelia', '76475', '04-860-303', 324, 1),
('julia', 'pollari', 'julia.pollari@example.com', 'angie', '4564 bulevardi', 'hammarland', 'kymenlaakso', '61245', '09-694-214', 325, 2),
('emma', 'mikkola', 'emma.mikkola@example.com', 'palmer', '2168 hmeenkatu', 'leppvirta', 'tavastia proper', '78143', '07-958-114', 326, 2),
('julius', 'ahola', 'julius.ahola@example.com', 'cygnusx1', '7645 esplanadi', 'ristiina', 'finland proper', '59120', '02-574-652', 327, 4),
('nooa', 'couri', 'nooa.couri@example.com', 'nichole', '5893 korkeavuorenkatu', 'kauhajoki', 'satakunta', '69632', '05-667-783', 328, 2),
('hilla', 'makela', 'hilla.makela@example.com', 'zhang', '6915 rotuaari', 'riihimki', 'lapland', '54662', '07-147-811', 329, 4),
('milla', 'huotari', 'milla.huotari@example.com', 'eggplant', '6292 pispalan valtatie', 'rantasalmi', 'northern ostrobothnia', '14034', '05-516-193', 330, 4),
('emil', 'kalm', 'emil.kalm@example.com', 'beemer', '6224 esplanadi', 'perho', 'kymenlaakso', '69090', '09-096-678', 331, 1),
('nelli', 'kinnunen', 'nelli.kinnunen@example.com', 'brown1', '8517 tahmelantie', 'sauvo', 'satakunta', '56943', '02-185-443', 332, 4),
('aatu', 'mantyla', 'aatu.mantyla@example.com', 'tony', '2092 rautatienkatu', 'hollola', 'north karelia', '22619', '05-978-867', 333, 3),
('pihla', 'leppanen', 'pihla.leppanen@example.com', 'chicks', '3267 mechelininkatu', 'ristiina', 'kymenlaakso', '43682', '04-362-129', 334, 2),
('milja', 'pollari', 'milja.pollari@example.com', 'unique', '2987 satakennankatu', 'vimpeli', 'ostrobothnia', '33208', '05-310-009', 335, 4),
('eelis', 'kilpela', 'eelis.kilpela@example.com', 'legend', '7859 satakennankatu', 'haukipudas', 'finland proper', '43681', '09-159-487', 336, 1),
('konsta', 'pesola', 'konsta.pesola@example.com', 'boricua', '7385 visiokatu', 'pori', 'tavastia proper', '25048', '07-182-098', 337, 1),
('toivo', 'niva', 'toivo.niva@example.com', 'zaq12wsx', '8769 mechelininkatu', 'muonio', 'pirkanmaa', '78520', '02-158-669', 338, 4),
('nooa', 'huhtala', 'nooa.huhtala@example.com', 'jackson', '9250 hermiankatu', 'vierem', 'pijt-hme', '45665', '04-511-397', 339, 1),
('peppi', 'seppanen', 'peppi.seppanen@example.com', 'qian', '2959 fredrikinkatu', 'yli', 'ostrobothnia', '92932', '05-139-513', 340, 2),
('peppi', 'kivi', 'peppi.kivi@example.com', 'hotone', '5605 esplanadi', 'haukipudas', 'south karelia', '88194', '05-189-552', 341, 1),
('minea', 'kauppila', 'minea.kauppila@example.com', 'mnbvcxz', '8230 pispalan valtatie', 'vesanto', 'lapland', '42118', '02-668-316', 342, 4),
('kerttu', 'saarela', 'kerttu.saarela@example.com', 'chronic', '8823 bulevardi', 'mntsl', 'southern ostrobothnia', '22556', '05-726-108', 343, 4),
('mikael', 'tuomi', 'mikael.tuomi@example.com', 'gretchen', '8191 pirkankatu', 'pyht', 'tavastia proper', '56153', '08-494-109', 344, 1),
('lauri', 'lepisto', 'lauri.lepisto@example.com', 'gregor', '2022 visiokatu', 'yljrvi', 'finland proper', '67644', '05-541-770', 345, 2),
('anni', 'kauppila', 'anni.kauppila@example.com', 'bitter', '7080 tahmelantie', 'utajrvi', 'uusimaa', '77964', '03-920-175', 346, 3),
('akseli', 'savela', 'akseli.savela@example.com', 'robotics', '5408 aleksanterinkatu', 'mynmki', 'northern ostrobothnia', '91642', '06-257-320', 347, 2),
('toivo', 'rintala', 'toivo.rintala@example.com', 'slinky', '6271 myllypuronkatu', 'hailuoto', 'central finland', '90497', '04-734-304', 348, 4),
('oona', 'kemppainen', 'oona.kemppainen@example.com', 'midway', '5630 hatanpn valtatie', 'isojoki', 'satakunta', '80845', '03-129-380', 349, 1),
('peetu', 'mattila', 'peetu.mattila@example.com', 'landon', '8585 rautatienkatu', 'forssa', 'lapland', '84207', '08-728-201', 350, 3),
('emil', 'pulkkinen', 'emil.pulkkinen@example.com', 'bigbob', '4289 myllypuronkatu', 'toivakka', 'lapland', '28108', '02-803-592', 351, 1),
('emma', 'paavola', 'emma.paavola@example.com', 'rolling', '9276 siilitie', 'geta', 'central ostrobothnia', '59545', '05-683-853', 352, 2),
('minea', 'perala', 'minea.perala@example.com', 'gotyoass', '5566 visiokatu', 'myrskyl', 'tavastia proper', '10868', '08-784-438', 353, 3);
INSERT INTO `users` (`firstname`, `lastname`, `emailID`, `password`, `street`, `city`, `state`, `zipcode`, `phoneNumber`, `uuid`, `rid`) VALUES
('aada', 'tolonen', 'aada.tolonen@example.com', 'winnie', '9782 siilitie', 'ecker', 'uusimaa', '99129', '04-688-019', 354, 3),
('sara', 'moilanen', 'sara.moilanen@example.com', 'hello2', '7886 hatanpn valtatie', 'janakkala', 'southern savonia', '78875', '04-717-395', 355, 3),
('viivi', 'kivisto', 'viivi.kivisto@example.com', 'italy', '1863 tehtaankatu', 'kalajoki', 'ostrobothnia', '90753', '09-426-903', 356, 4),
('aleksi', 'tuomala', 'aleksi.tuomala@example.com', 'kids', '8579 bulevardi', 'miehikkl', 'northern savonia', '74705', '06-307-394', 357, 2),
('veera', 'saari', 'veera.saari@example.com', 'nipper', '3886 myllypuronkatu', 'paltamo', 'south karelia', '72401', '09-997-755', 358, 1),
('pinja', 'toivonen', 'pinja.toivonen@example.com', 'rooney', '3998 satakennankatu', 'maaninka', 'uusimaa', '79159', '05-672-167', 359, 4),
('sofia', 'lehto', 'sofia.lehto@example.com', 'dragonfl', '1179 hmeentie', 'kauniainen', 'ostrobothnia', '50497', '06-924-866', 360, 2),
('eemil', 'wiitala', 'eemil.wiitala@example.com', '1995', '3212 rotuaari', 'vaasa', 'central ostrobothnia', '46725', '05-762-500', 361, 3),
('onni', 'polon', 'onni.polon@example.com', 'usnavy', '3344 hmeentie', 'saarijrvi', 'north karelia', '71350', '04-171-898', 362, 3),
('anton', 'nevala', 'anton.nevala@example.com', 'excite', '9986 pirkankatu', 'hyrynsalmi', 'northern savonia', '65050', '02-749-853', 363, 3),
('iiris', 'eskola', 'iiris.eskola@example.com', 'sponge', '5581 satakennankatu', 'lumparland', 'north karelia', '93464', '08-887-967', 364, 4),
('iiris', 'hietala', 'iiris.hietala@example.com', 'cupcake', '9610 hmeentie', 'kivijrvi', 'land', '32879', '03-563-259', 365, 1),
('oskari', 'autio', 'oskari.autio@example.com', 'chocha', '1359 bulevardi', 'kinnula', 'northern ostrobothnia', '66080', '04-098-946', 366, 1),
('matilda', 'luoma', 'matilda.luoma@example.com', 'kitty1', '7333 nordenskildinkatu', 'utajrvi', 'uusimaa', '74170', '02-292-969', 367, 1),
('aatu', 'elo', 'aatu.elo@example.com', 'dinosaur', '1623 aleksanterinkatu', 'pyhjoki', 'central ostrobothnia', '40365', '02-114-052', 368, 4),
('milla', 'koskela', 'milla.koskela@example.com', 'goku', '9631 satakennankatu', 'hirvensalmi', 'satakunta', '56634', '05-155-265', 369, 2),
('olivia', 'leppo', 'olivia.leppo@example.com', 'superb', '2398 otavalankatu', 'kouvola', 'lapland', '45272', '09-051-407', 370, 4),
('pinja', 'kallio', 'pinja.kallio@example.com', 'avatar', '8265 esplanadi', 'tervola', 'south karelia', '74906', '03-256-741', 371, 4),
('matilda', 'ojala', 'matilda.ojala@example.com', 'awesome', '6280 nordenskildinkatu', 'nykarleby', 'central ostrobothnia', '42909', '03-860-808', 372, 3),
('vin', 'lakso', 'vin.lakso@example.com', 'stop', '8202 bulevardi', 'pyty', 'northern savonia', '11040', '06-723-501', 373, 2),
('helmi', 'annala', 'helmi.annala@example.com', 'chester1', '9234 rotuaari', 'kumlinge', 'southern savonia', '20307', '03-056-763', 374, 3),
('joona', 'tikkanen', 'joona.tikkanen@example.com', 'working', '1039 siilitie', 'pihtipudas', 'southern ostrobothnia', '34515', '02-186-732', 375, 1),
('valtteri', 'lammi', 'valtteri.lammi@example.com', 'hunting', '1202 hmeenkatu', 'suonenjoki', 'land', '47345', '03-710-395', 376, 1),
('jimi', 'manner', 'jimi.manner@example.com', 'wapapapa', '9658 aleksanterinkatu', 'hmeenkyr', 'kymenlaakso', '87530', '02-769-220', 377, 4),
('minttu', 'toivonen', 'minttu.toivonen@example.com', '131313', '2118 bulevardi', 'savukoski', 'kainuu', '32987', '02-975-504', 378, 1),
('jimi', 'kivisto', 'jimi.kivisto@example.com', 'mykids', '3398 otavalankatu', 'somero', 'ostrobothnia', '71323', '04-739-634', 379, 3),
('isla', 'ojala', 'isla.ojala@example.com', 'blacky', '9971 pyynikintie', 'lappajrvi', 'north karelia', '64523', '09-931-614', 380, 4),
('roope', 'korpi', 'roope.korpi@example.com', 'redsox', '1959 reijolankatu', 'merikarvia', 'southern ostrobothnia', '70619', '06-354-692', 381, 4),
('ella', 'lakso', 'ella.lakso@example.com', 'zzzzzz', '7513 aleksanterinkatu', 'rautalampi', 'central finland', '78629', '04-780-319', 382, 4),
('roope', 'tikkanen', 'roope.tikkanen@example.com', 'keisha', '4250 bulevardi', 'joutsa', 'north karelia', '49171', '04-404-565', 383, 3),
('jimi', 'pelto', 'jimi.pelto@example.com', 'pooper', '8655 verkatehtaankatu', 'pargas', 'tavastia proper', '77008', '02-965-274', 384, 3),
('oliver', 'jarvinen', 'oliver.jarvinen@example.com', 'twister', '9282 korkeavuorenkatu', 'hyvink', 'pirkanmaa', '56350', '03-884-455', 385, 4),
('konsta', 'kyllo', 'konsta.kyllo@example.com', 'hello1', '2369 nordenskildinkatu', 'muonio', 'kainuu', '28726', '04-410-619', 386, 3),
('lotta', 'perala', 'lotta.perala@example.com', 'crunch', '3183 pispalan valtatie', 'kokkola', 'northern savonia', '27405', '07-931-385', 387, 3),
('eino', 'oja', 'eino.oja@example.com', 'bp2002', '7395 hmeenkatu', 'pyhjrvi', 'lapland', '19096', '03-945-522', 388, 4),
('eelis', 'peura', 'eelis.peura@example.com', 'hoover', '8487 aleksanterinkatu', 'ilomantsi', 'kainuu', '30340', '04-353-232', 389, 4),
('anton', 'manninen', 'anton.manninen@example.com', '12344321', '5066 siilitie', 'juupajoki', 'land', '66595', '04-193-553', 390, 1),
('peppi', 'waara', 'peppi.waara@example.com', 'catcat', '6979 mannerheimintie', 'sottunga', 'finland proper', '51800', '02-185-834', 391, 3),
('emmi', 'juntunen', 'emmi.juntunen@example.com', 'pics', '8642 esplanadi', 'kuusamo', 'southern ostrobothnia', '36881', '04-627-327', 392, 3),
('aatu', 'heikkila', 'aatu.heikkila@example.com', 'claymore', '9259 hmeentie', 'nummi', 'uusimaa', '33212', '08-622-349', 393, 1),
('lenni', 'kurtti', 'lenni.kurtti@example.com', 'option', '3398 pispalan valtatie', 'hartola', 'uusimaa', '57450', '07-836-176', 394, 1),
('eemil', 'tolonen', 'eemil.tolonen@example.com', 'clowns', '1730 pispalan valtatie', 'haapajrvi', 'lapland', '86734', '08-220-727', 395, 4),
('ellen', 'rautio', 'ellen.rautio@example.com', '1993', '4750 siilitie', 'lappeenranta', 'central finland', '36729', '04-589-566', 396, 3),
('ronja', 'niva', 'ronja.niva@example.com', 'griffey', '9501 tahmelantie', 'lapua', 'pirkanmaa', '42984', '07-521-138', 397, 4),
('konsta', 'wirtanen', 'konsta.wirtanen@example.com', 'baltimor', '3130 tahmelantie', 'karkkila', 'tavastia proper', '27589', '06-613-457', 398, 3),
('toivo', 'hamalainen', 'toivo.hamalainen@example.com', 'danni', '5040 visiokatu', 'leppvirta', 'south karelia', '15963', '06-589-491', 399, 3),
('anni', 'ketola', 'anni.ketola@example.com', 'abcde', '5408 korkeavuorenkatu', 'suomussalmi', 'southern ostrobothnia', '17446', '03-559-528', 400, 4),
('rasmus', 'hatala', 'rasmus.hatala@example.com', 'blink182', '6083 verkatehtaankatu', 'sottunga', 'southern savonia', '72336', '09-670-939', 401, 4),
('elsa', 'leinonen', 'elsa.leinonen@example.com', 'achtung', '5561 satakennankatu', 'karjalohja', 'land', '88028', '04-625-701', 402, 2),
('rasmus', 'koskinen', 'rasmus.koskinen@example.com', 'buckeyes', '8681 itsenisyydenkatu', 'sauvo', 'satakunta', '27309', '02-746-872', 403, 2),
('matias', 'pietila', 'matias.pietila@example.com', 'horizon', '8932 visiokatu', 'lapinjrvi', 'land', '19461', '06-388-927', 404, 4),
('emilia', 'walli', 'emilia.walli@example.com', 'slider', '6104 mechelininkatu', 'hattula', 'central finland', '33421', '05-062-228', 405, 1),
('aleksi', 'lahti', 'aleksi.lahti@example.com', 'housewifes', '4383 myllypuronkatu', 'muonio', 'pijt-hme', '45954', '02-534-605', 406, 2),
('minea', 'aho', 'minea.aho@example.com', 'fishfish', '6509 hmeenkatu', 'kristinestad', 'lapland', '77092', '02-273-748', 407, 2),
('leo', 'saari', 'leo.saari@example.com', 'reddevil', '6017 korkeavuorenkatu', 'vhkyr', 'uusimaa', '78397', '03-465-610', 408, 1),
('ronja', 'leppanen', 'ronja.leppanen@example.com', 'pacific', '2066 verkatehtaankatu', 'kokkola', 'ostrobothnia', '70317', '09-317-496', 409, 4),
('olivia', 'kumpula', 'olivia.kumpula@example.com', 'enjoy', '5703 hatanpn valtatie', 'rautjrvi', 'land', '15085', '05-259-763', 410, 4),
('julius', 'jarvi', 'julius.jarvi@example.com', 'salami', '3903 tahmelantie', 'sotkamo', 'pijt-hme', '58638', '04-089-267', 411, 3),
('vilho', 'walli', 'vilho.walli@example.com', 'typhoon', '8184 pirkankatu', 'sonkajrvi', 'central finland', '86593', '07-078-452', 412, 3),
('pinja', 'kivisto', 'pinja.kivisto@example.com', '0.0.000', '5729 siilitie', 'ilomantsi', 'central finland', '12691', '03-806-845', 413, 4),
('niklas', 'makinen', 'niklas.makinen@example.com', 'hambone', '4804 satakennankatu', 'nivala', 'southern ostrobothnia', '15578', '08-173-578', 414, 1),
('nelli', 'maijala', 'nelli.maijala@example.com', 'havefun', '6807 visiokatu', 'kolari', 'north karelia', '41892', '04-622-774', 415, 2),
('sofia', 'tuomala', 'sofia.tuomala@example.com', 'maxi', '5505 itsenisyydenkatu', 'taipalsaari', 'pirkanmaa', '17038', '03-076-480', 416, 4),
('amanda', 'ketola', 'amanda.ketola@example.com', 'tuscl', '6606 korkeavuorenkatu', 'hmeenkoski', 'northern savonia', '74113', '02-987-813', 417, 3),
('amanda', 'hautala', 'amanda.hautala@example.com', 'maggie', '6063 bulevardi', 'pielavesi', 'finland proper', '49136', '02-934-447', 418, 2),
('leo', 'wirkkala', 'leo.wirkkala@example.com', '57chevy', '8582 satakennankatu', 'haapajrvi', 'kainuu', '12255', '07-059-758', 419, 3),
('emil', 'arola', 'emil.arola@example.com', 'airport', '1057 siilitie', 'kaskinen', 'satakunta', '46637', '04-896-659', 420, 3),
('eetu', 'moilanen', 'eetu.moilanen@example.com', 'alliance', '7072 itsenisyydenkatu', 'ruovesi', 'pijt-hme', '30429', '02-241-165', 421, 2),
('eevi', 'heino', 'eevi.heino@example.com', 'joejoe', '1873 satakennankatu', 'hmeenkyr', 'south karelia', '41808', '08-189-848', 422, 3),
('julius', 'hautala', 'julius.hautala@example.com', 'richard1', '5315 myllypuronkatu', 'nurmijrvi', 'pijt-hme', '63070', '08-744-753', 423, 3),
('minea', 'heikkinen', 'minea.heikkinen@example.com', 'rangers1', '5044 rotuaari', 'virrat', 'kainuu', '25175', '05-959-592', 424, 1),
('mikael', 'lammi', 'mikael.lammi@example.com', 'fdm7ed', '5307 hatanpn valtatie', 'polvijrvi', 'kainuu', '28216', '02-249-712', 425, 2),
('linnea', 'hakala', 'linnea.hakala@example.com', 'goat', '4050 siilitie', 'lumparland', 'uusimaa', '40177', '03-428-698', 426, 1),
('aada', 'tikkanen', 'aada.tikkanen@example.com', 'misery', '7790 hmeentie', 'vantaa', 'kymenlaakso', '65201', '05-469-602', 427, 3),
('neea', 'paavola', 'neea.paavola@example.com', 'buddy', '1207 rotuaari', 'muurame', 'finland proper', '91854', '08-524-519', 428, 4),
('oskari', 'jokela', 'oskari.jokela@example.com', 'longjohn', '6771 nordenskildinkatu', 'pyhjrvi', 'finland proper', '92697', '04-527-678', 429, 1),
('daniel', 'paavola', 'daniel.paavola@example.com', 'mordor', '5892 verkatehtaankatu', 'pyhjrvi', 'finland proper', '28344', '06-247-829', 430, 2),
('leevi', 'walli', 'leevi.walli@example.com', 'ginscoot', '7198 bulevardi', 'kuusamo', 'uusimaa', '28010', '03-286-825', 431, 1),
('saana', 'maijala', 'saana.maijala@example.com', 'waterboy', '5879 nordenskildinkatu', 'lumijoki', 'southern ostrobothnia', '33236', '03-814-742', 432, 1),
('miro', 'pulkkinen', 'miro.pulkkinen@example.com', 'wicked', '3647 mechelininkatu', 'tyrnv', 'tavastia proper', '58338', '03-212-535', 433, 3),
('roope', 'hiltunen', 'roope.hiltunen@example.com', 'kittykat', '7706 esplanadi', 'suonenjoki', 'kymenlaakso', '82534', '03-595-961', 434, 4),
('veera', 'marttila', 'veera.marttila@example.com', 'test2', '5899 rotuaari', 'huittinen', 'kymenlaakso', '77284', '07-418-086', 435, 3),
('toivo', 'mantyla', 'toivo.mantyla@example.com', '12345', '4200 tahmelantie', 'valtimo', 'pirkanmaa', '80261', '09-530-489', 436, 4),
('saana', 'erkkila', 'saana.erkkila@example.com', 'antares', '6381 reijolankatu', 'loimaa', 'central ostrobothnia', '80909', '06-198-200', 437, 3),
('kerttu', 'kangas', 'kerttu.kangas@example.com', 'hallowee', '1986 myllypuronkatu', 'kimiton', 'kymenlaakso', '59789', '02-172-545', 438, 3),
('veera', 'heinonen', 'veera.heinonen@example.com', 'fred', '3956 pispalan valtatie', 'keuruu', 'northern savonia', '93124', '02-951-167', 439, 1),
('amanda', 'niemela', 'amanda.niemela@example.com', 'grace', '8797 suvantokatu', 'hollola', 'uusimaa', '77753', '08-401-216', 440, 1),
('aino', 'hannula', 'aino.hannula@example.com', '1985', '8419 hermiankatu', 'hamina', 'pijt-hme', '98765', '07-909-888', 441, 1),
('milla', 'sakala', 'milla.sakala@example.com', 'charger', '3180 otavalankatu', 'mntt', 'lapland', '47739', '04-991-458', 442, 2),
('enni', 'tolonen', 'enni.tolonen@example.com', 'valdepen', '6454 aleksanterinkatu', 'vierem', 'central ostrobothnia', '46159', '09-410-690', 443, 3),
('hilla', 'paavola', 'hilla.paavola@example.com', '852456', '4765 rotuaari', 'juupajoki', 'lapland', '68934', '07-061-956', 444, 3),
('peppi', 'wirta', 'peppi.wirta@example.com', 'polish', '2026 verkatehtaankatu', 'alajrvi', 'south karelia', '36841', '08-048-970', 445, 1),
('alisa', 'lassila', 'alisa.lassila@example.com', '2121', '4153 satakennankatu', 'jyvskyl', 'land', '14912', '04-958-786', 446, 2),
('rasmus', 'tuominen', 'rasmus.tuominen@example.com', 'goodie', '3003 itsenisyydenkatu', 'ii', 'south karelia', '72942', '06-622-646', 447, 3),
('ronja', 'leino', 'ronja.leino@example.com', 'wordup', '4890 suvantokatu', 'juupajoki', 'southern ostrobothnia', '13084', '04-354-567', 448, 3),
('daniel', 'kinnunen', 'daniel.kinnunen@example.com', 'somethin', '5892 mechelininkatu', 'sonkajrvi', 'uusimaa', '90927', '04-053-772', 449, 2),
('vilma', 'kalm', 'vilma.kalm@example.com', 'cooldude', '9246 hmeentie', 'pudasjrvi', 'northern ostrobothnia', '53206', '04-367-054', 450, 4),
('aino', 'peltola', 'aino.peltola@example.com', 'spectre', '9097 suvantokatu', 'laitila', 'northern savonia', '14088', '06-238-083', 451, 3),
('ronja', 'heikkinen', 'ronja.heikkinen@example.com', 'paloma', '3051 itsenisyydenkatu', 'pyhnt', 'central finland', '61791', '09-448-275', 452, 4),
('venla', 'rinne', 'venla.rinne@example.com', 'm5wkqf', '8839 pispalan valtatie', 'kinnula', 'pijt-hme', '20161', '08-350-233', 453, 1),
('lauri', 'pollari', 'lauri.pollari@example.com', 'john1', '6688 aleksanterinkatu', 'pyhranta', 'land', '57377', '04-475-973', 454, 2),
('nelli', 'tervo', 'nelli.tervo@example.com', 'piper', '4678 hmeentie', 'kirkkonummi', 'central finland', '68661', '08-849-760', 455, 3),
('helmi', 'palo', 'helmi.palo@example.com', 'redsox1', '2844 fredrikinkatu', 'puolanka', 'south karelia', '37033', '09-561-106', 456, 2),
('valtteri', 'moilanen', 'valtteri.moilanen@example.com', 'liberty', '6693 pispalan valtatie', 'kouvola', 'northern savonia', '66825', '07-964-556', 457, 4),
('minttu', 'rintala', 'minttu.rintala@example.com', 'steve', '9291 tahmelantie', 'rautavaara', 'land', '48291', '08-112-349', 458, 3),
('leevi', 'halonen', 'leevi.halonen@example.com', 'bessie', '9834 mannerheimintie', 'kumlinge', 'central finland', '46792', '08-863-171', 459, 4),
('eemil', 'saari', 'eemil.saari@example.com', 'husband', '8188 itsenisyydenkatu', 'hanko', 'finland proper', '47580', '04-447-150', 460, 4),
('jimi', 'lahti', 'jimi.lahti@example.com', 'dogpound', '5327 reijolankatu', 'ii', 'pirkanmaa', '25121', '05-855-229', 461, 3),
('peppi', 'huotari', 'peppi.huotari@example.com', 'maggie', '3218 nordenskildinkatu', 'lempl', 'lapland', '33553', '04-459-965', 462, 2),
('emmi', 'lammi', 'emmi.lammi@example.com', 'tyler1', '8706 hermiankatu', 'kyyjrvi', 'tavastia proper', '99262', '07-580-061', 463, 1),
('nooa', 'oja', 'nooa.oja@example.com', 'sssss', '2422 bulevardi', 'orip', 'pirkanmaa', '78902', '02-814-179', 464, 3),
('viivi', 'lassila', 'viivi.lassila@example.com', 'alejandr', '8248 mechelininkatu', 'kuortane', 'kainuu', '40979', '07-066-634', 465, 1),
('samu', 'marttila', 'samu.marttila@example.com', 'monte', '3388 bulevardi', 'kyyjrvi', 'pirkanmaa', '27520', '07-054-936', 466, 1),
('julius', 'lampo', 'julius.lampo@example.com', 'spock', '5733 myllypuronkatu', 'myrskyl', 'kymenlaakso', '44696', '08-246-232', 467, 2),
('jesse', 'honkala', 'jesse.honkala@example.com', 'sonoma', '2761 hmeentie', 'nousiainen', 'northern savonia', '61084', '02-327-803', 468, 1),
('hilla', 'halonen', 'hilla.halonen@example.com', 'bluejays', '3228 pispalan valtatie', 'pori', 'satakunta', '20677', '07-631-056', 469, 1),
('vin', 'palo', 'vin.palo@example.com', 'therock', '1841 suvantokatu', 'ruovesi', 'land', '88710', '03-776-457', 470, 3),
('nooa', 'walli', 'nooa.walli@example.com', 'tarpon', '5892 korkeavuorenkatu', 'jomala', 'finland proper', '96346', '04-584-108', 471, 3),
('sanni', 'niska', 'sanni.niska@example.com', 'pitures', '6486 hmeentie', 'kajaani', 'finland proper', '23222', '03-504-949', 472, 3),
('viljami', 'lampi', 'viljami.lampi@example.com', 'taco', '2789 esplanadi', 'puumala', 'northern ostrobothnia', '74813', '09-498-118', 473, 2),
('veera', 'makela', 'veera.makela@example.com', 'bigger', '7342 bulevardi', 'isokyr', 'land', '18679', '06-339-847', 474, 1),
('ellen', 'keranen', 'ellen.keranen@example.com', 'ricky', '6305 tahmelantie', 'kiuruvesi', 'north karelia', '26121', '06-159-837', 475, 4),
('venla', 'seppanen', 'venla.seppanen@example.com', 'uptown', '1643 mannerheimintie', 'tyrnv', 'tavastia proper', '53508', '02-028-375', 476, 1),
('eemil', 'couri', 'eemil.couri@example.com', 'boobs', '7162 tehtaankatu', 'puolanka', 'southern savonia', '52304', '09-702-079', 477, 4),
('konsta', 'pietila', 'konsta.pietila@example.com', 'confused', '8850 hmeentie', 'turku', 'tavastia proper', '97366', '05-865-006', 478, 2),
('ellen', 'keranen', 'ellen.keranen@example.com', 'buddy', '2473 satakennankatu', 'heinvesi', 'kainuu', '51452', '02-719-135', 479, 2),
('venla', 'murto', 'venla.murto@example.com', 'europa', '8875 hermiankatu', 'toivakka', 'land', '44123', '07-867-139', 480, 1),
('neea', 'walli', 'neea.walli@example.com', 'twelve', '1471 rautatienkatu', 'kangasniemi', 'southern ostrobothnia', '22852', '07-540-921', 481, 2),
('milla', 'kilpela', 'milla.kilpela@example.com', 'chang', '2156 otavalankatu', 'siikalatva', 'ostrobothnia', '15825', '09-814-626', 482, 4),
('leevi', 'rajala', 'leevi.rajala@example.com', 'february', '9264 pirkankatu', 'kannus', 'lapland', '90356', '07-171-324', 483, 3),
('iina', 'couri', 'iina.couri@example.com', 'marlene', '2900 siilitie', 'masku', 'land', '71019', '07-536-431', 484, 3),
('oona', 'rinne', 'oona.rinne@example.com', 'speaker', '4523 satakennankatu', 'punkaharju', 'northern savonia', '43921', '07-838-018', 485, 1),
('topias', 'pietila', 'topias.pietila@example.com', 'daniel', '2306 satakennankatu', 'huittinen', 'uusimaa', '20010', '02-480-568', 486, 1),
('emilia', 'wuollet', 'emilia.wuollet@example.com', 'ying', '8862 aleksanterinkatu', 'naantali', 'north karelia', '42135', '06-281-510', 487, 1),
('luukas', 'palo', 'luukas.palo@example.com', 'andyod22', '8912 myllypuronkatu', 'siikalatva', 'kainuu', '68046', '02-309-079', 488, 2),
('enni', 'lahti', 'enni.lahti@example.com', 'koko', '1701 suvantokatu', 'lohja', 'finland proper', '64758', '06-141-961', 489, 2),
('viljami', 'pulkkinen', 'viljami.pulkkinen@example.com', 'vanessa', '6883 hermiankatu', 'pelkosenniemi', 'pijt-hme', '18229', '06-086-330', 490, 2),
('eino', 'lehtinen', 'eino.lehtinen@example.com', 'showing', '9111 visiokatu', 'pieksmki', 'northern ostrobothnia', '89153', '04-138-250', 491, 4),
('otto', 'ruona', 'otto.ruona@example.com', 'lowell', '7279 fredrikinkatu', 'pudasjrvi', 'pijt-hme', '44143', '06-910-920', 492, 3),
('onni', 'tikkanen', 'onni.tikkanen@example.com', 'ludwig', '8678 bulevardi', 'nakkila', 'southern ostrobothnia', '22719', '04-853-053', 493, 1),
('pihla', 'kyllonen', 'pihla.kyllonen@example.com', 'june', '2963 hmeenkatu', 'seinjoki', 'tavastia proper', '34495', '09-578-563', 494, 1),
('veeti', 'hanka', 'veeti.hanka@example.com', 'sheba1', '6763 tehtaankatu', 'siilinjrvi', 'satakunta', '39398', '05-146-920', 495, 4),
('eetu', 'ollila', 'eetu.ollila@example.com', 'thing', '3086 bulevardi', 'oulainen', 'northern savonia', '39850', '07-713-687', 496, 3),
('daniel', 'kujala', 'daniel.kujala@example.com', '11111', '1428 rautatienkatu', 'enonkoski', 'lapland', '96131', '04-742-548', 497, 2),
('leevi', 'aro', 'leevi.aro@example.com', '1213', '5327 tahmelantie', 'vihti', 'southern savonia', '85081', '08-445-928', 498, 1),
('iina', 'lahti', 'iina.lahti@example.com', 'disco', '7197 rautatienkatu', 'lumparland', 'northern ostrobothnia', '21314', '09-419-415', 499, 2),
('iina', 'laakso', 'iina.laakso@example.com', 'nyjets', '2424 esplanadi', 'sauvo', 'southern savonia', '85964', '06-462-382', 500, 4),
('sara', 'laakso', 'sara.laakso@example.com', 'gators', '5194 siilitie', 'kurikka', 'southern ostrobothnia', '25651', '05-537-782', 501, 2),
('nella', 'kivela', 'nella.kivela@example.com', 'chapman', '4027 nordenskildinkatu', 'pedersre', 'uusimaa', '58210', '05-622-060', 502, 1),
('helmi', 'koskinen', 'helmi.koskinen@example.com', 'paradise', '3576 verkatehtaankatu', 'vr', 'uusimaa', '29556', '02-473-185', 503, 2),
('ronja', 'hatala', 'ronja.hatala@example.com', 'butterfl', '9541 tehtaankatu', 'sottunga', 'kainuu', '85442', '05-421-661', 504, 3),
('ella', 'lehtola', 'ella.lehtola@example.com', 'turnip', '4329 fredrikinkatu', 'tyrnv', 'lapland', '38128', '07-434-011', 505, 1),
('venla', 'seppanen', 'venla.seppanen@example.com', 'seadog', '2556 hermiankatu', 'luvia', 'kymenlaakso', '23548', '03-658-902', 506, 4),
('ilona', 'wuori', 'ilona.wuori@example.com', 'marie1', '6188 otavalankatu', 'karvia', 'central finland', '72765', '03-905-520', 507, 4),
('peppi', 'salmi', 'peppi.salmi@example.com', 'pool6123', '8078 otavalankatu', 'forssa', 'pirkanmaa', '96858', '05-701-203', 508, 3),
('sanni', 'waara', 'sanni.waara@example.com', 'cobra', '6643 hermiankatu', 'nilsi', 'ostrobothnia', '29606', '06-898-265', 509, 3),
('julius', 'ruona', 'julius.ruona@example.com', 'alley', '1263 hermiankatu', 'pori', 'lapland', '98784', '08-384-116', 510, 4),
('siiri', 'saarinen', 'siiri.saarinen@example.com', 'francois', '4842 myllypuronkatu', 'utajrvi', 'finland proper', '41827', '06-415-757', 511, 2),
('roope', 'kangas', 'roope.kangas@example.com', 'spooky', '2464 bulevardi', 'rautjrvi', 'finland proper', '82262', '07-695-415', 512, 1),
('lilja', 'elo', 'lilja.elo@example.com', 'harley', '2227 satakennankatu', 'orip', 'ostrobothnia', '91818', '07-593-396', 513, 3),
('emil', 'savela', 'emil.savela@example.com', 'maxima', '5942 reijolankatu', 'ruovesi', 'pijt-hme', '23967', '02-221-505', 514, 1),
('veeti', 'huhta', 'veeti.huhta@example.com', 'feather', '4953 verkatehtaankatu', 'punkaharju', 'uusimaa', '38960', '07-981-004', 515, 3),
('milla', 'kangas', 'milla.kangas@example.com', 'kicker', '2191 reijolankatu', 'pielavesi', 'finland proper', '70084', '02-043-794', 516, 3),
('samu', 'erkkila', 'samu.erkkila@example.com', 'joshua', '2258 pyynikintie', 'haapavesi', 'central ostrobothnia', '55783', '07-861-254', 517, 1),
('nooa', 'wirta', 'nooa.wirta@example.com', 'beetle', '5599 mannerheimintie', 'pielavesi', 'kainuu', '67688', '09-298-033', 518, 4),
('viljami', 'latt', 'viljami.latt@example.com', 'gsxr750', '6560 reijolankatu', 'virrat', 'southern savonia', '37664', '07-053-491', 519, 4),
('lauri', 'lepisto', 'lauri.lepisto@example.com', 'therock', '6234 bulevardi', 'pori', 'central ostrobothnia', '78336', '02-376-511', 520, 4),
('lumi', 'lammi', 'lumi.lammi@example.com', 'aileen', '9389 fredrikinkatu', 'nummi', 'lapland', '99055', '08-536-480', 521, 2),
('siiri', 'koivisto', 'siiri.koivisto@example.com', 'these', '9309 pyynikintie', 'muurame', 'pirkanmaa', '41395', '02-544-774', 522, 3),
('leevi', 'mikkola', 'leevi.mikkola@example.com', 'jokers', '1999 hatanpn valtatie', 'ruokolahti', 'pirkanmaa', '74845', '09-371-978', 523, 2),
('ronja', 'polon', 'ronja.polon@example.com', '1999', '1348 esplanadi', 'tuusula', 'finland proper', '75914', '02-218-671', 524, 2),
('venla', 'tuominen', 'venla.tuominen@example.com', 'beethove', '8115 verkatehtaankatu', 'oulu', 'pijt-hme', '31603', '09-441-468', 525, 2),
('emma', 'ylitalo', 'emma.ylitalo@example.com', 'robins', '7320 rautatienkatu', 'vihanti', 'tavastia proper', '54220', '07-944-280', 526, 2),
('anton', 'kangas', 'anton.kangas@example.com', 'joanna', '6978 bulevardi', 'vihanti', 'northern ostrobothnia', '78802', '09-720-625', 527, 1),
('milla', 'korpi', 'milla.korpi@example.com', 'apple', '7634 rautatienkatu', 'kuhmoinen', 'southern savonia', '31455', '05-733-098', 528, 2),
('matias', 'hanka', 'matias.hanka@example.com', 'coolguy', '6823 mannerheimintie', 'siikainen', 'finland proper', '88684', '04-251-217', 529, 2),
('joona', 'ranta', 'joona.ranta@example.com', 'downtown', '1664 myllypuronkatu', 'kirkkonummi', 'southern savonia', '84733', '03-100-947', 530, 2),
('helmi', 'waisanen', 'helmi.waisanen@example.com', 'kelsey', '7682 rautatienkatu', 'saltvik', 'pijt-hme', '53158', '06-958-037', 531, 4),
('oliver', 'lauri', 'oliver.lauri@example.com', '123123123', '4587 aleksanterinkatu', 'krsmki', 'south karelia', '78974', '04-715-654', 532, 4),
('saana', 'tuomala', 'saana.tuomala@example.com', 'bigbig', '4523 rotuaari', 'karjalohja', 'kainuu', '92444', '02-688-225', 533, 4),
('elsa', 'aro', 'elsa.aro@example.com', 'ontario', '6431 suvantokatu', 'pargas', 'ostrobothnia', '85597', '03-527-633', 534, 1),
('pihla', 'lampi', 'pihla.lampi@example.com', 'loving', '2851 esplanadi', 'saltvik', 'northern ostrobothnia', '79032', '03-452-075', 535, 2),
('linnea', 'linna', 'linnea.linna@example.com', 'postman', '1371 tahmelantie', 'joutsa', 'pirkanmaa', '54239', '07-502-759', 536, 2),
('emma', 'harju', 'emma.harju@example.com', 'trombone', '8189 myllypuronkatu', 'rautjrvi', 'lapland', '38695', '07-912-661', 537, 3),
('juho', 'karvonen', 'juho.karvonen@example.com', 'warlord', '6552 tehtaankatu', 'varkaus', 'ostrobothnia', '16268', '07-882-524', 538, 4),
('hilla', 'toivonen', 'hilla.toivonen@example.com', 'blow', '9094 mechelininkatu', 'loviisa', 'northern ostrobothnia', '26033', '06-594-426', 539, 1),
('sara', 'hanka', 'sara.hanka@example.com', 'dabears', '4456 satakennankatu', 'sievi', 'satakunta', '24591', '04-809-818', 540, 1),
('peppi', 'keranen', 'peppi.keranen@example.com', 'rhodes', '7563 siilitie', 'parikkala', 'pijt-hme', '66948', '07-051-781', 541, 3),
('lumi', 'leinonen', 'lumi.leinonen@example.com', 'arrows', '7761 tahmelantie', 'muurame', 'north karelia', '56334', '02-693-286', 542, 1),
('samuel', 'ylitalo', 'samuel.ylitalo@example.com', 'redwood', '9255 tahmelantie', 'nekoski', 'pirkanmaa', '26293', '05-881-838', 543, 4),
('samuel', 'ranta', 'samuel.ranta@example.com', 'laurent', '5508 hermiankatu', 'kiiminki', 'central finland', '31078', '02-787-356', 544, 1),
('peppi', 'rinne', 'peppi.rinne@example.com', 'bruce', '4686 bulevardi', 'helsinki', 'pijt-hme', '63871', '04-148-521', 545, 1),
('helmi', 'peltonen', 'helmi.peltonen@example.com', 'nitram', '3339 bulevardi', 'yljrvi', 'northern savonia', '12637', '08-810-996', 546, 2),
('linnea', 'jarvi', 'linnea.jarvi@example.com', 'postal', '4525 fredrikinkatu', 'laitila', 'kainuu', '61542', '04-491-912', 547, 3),
('milla', 'waisanen', 'milla.waisanen@example.com', 'pervert', '2909 hmeentie', 'aura', 'kainuu', '71524', '08-380-463', 548, 4),
('lotta', 'mikkola', 'lotta.mikkola@example.com', 'cattle', '4624 bulevardi', 'orip', 'ostrobothnia', '37153', '02-316-889', 549, 2),
('elli', 'palo', 'elli.palo@example.com', 'ground', '8713 bulevardi', 'vr', 'tavastia proper', '83399', '07-014-096', 550, 2),
('sanni', 'pulkkinen', 'sanni.pulkkinen@example.com', '2233', '6356 satakennankatu', 'tohmajrvi', 'satakunta', '11172', '05-649-665', 551, 1),
('nelli', 'savela', 'nelli.savela@example.com', 'melissa', '3362 visiokatu', 'savukoski', 'kainuu', '55511', '08-243-909', 552, 4),
('anton', 'kangas', 'anton.kangas@example.com', 'welcome1', '9422 myllypuronkatu', 'riihimki', 'south karelia', '89819', '02-596-003', 553, 1),
('arttu', 'harju', 'arttu.harju@example.com', 'mybaby', '7743 korkeavuorenkatu', 'nousiainen', 'pirkanmaa', '47156', '08-901-236', 554, 3),
('miro', 'tuomi', 'miro.tuomi@example.com', 'jewel', '3076 korkeavuorenkatu', 'loppi', 'central finland', '15959', '08-441-143', 555, 4),
('anni', 'ranta', 'anni.ranta@example.com', 'tank', '2226 pyynikintie', 'polvijrvi', 'central ostrobothnia', '20963', '04-121-597', 556, 1),
('minea', 'leppo', 'minea.leppo@example.com', 'chuang', '2225 tehtaankatu', 'jmijrvi', 'south karelia', '20668', '09-180-348', 557, 1),
('luukas', 'maunu', 'luukas.maunu@example.com', 'slammer', '7104 rotuaari', 'jokioinen', 'tavastia proper', '38330', '04-849-638', 558, 4),
('sara', 'lehtonen', 'sara.lehtonen@example.com', 'spunky', '9696 pyynikintie', 'hankasalmi', 'satakunta', '40650', '04-729-618', 559, 4),
('viivi', 'kari', 'viivi.kari@example.com', 'zaq123', '4946 tahmelantie', 'mntt', 'satakunta', '84345', '03-912-978', 560, 3),
('matilda', 'luoma', 'matilda.luoma@example.com', 'crusader', '2573 rotuaari', 'vihanti', 'ostrobothnia', '30723', '08-537-208', 561, 1),
('amanda', 'pakkala', 'amanda.pakkala@example.com', 'qwerty1', '5998 tahmelantie', 'forssa', 'tavastia proper', '51183', '07-724-740', 562, 4),
('eetu', 'ranta', 'eetu.ranta@example.com', 'jello', '9982 hmeenkatu', 'jokioinen', 'uusimaa', '85321', '08-779-633', 563, 4),
('samuel', 'wuori', 'samuel.wuori@example.com', 'opus', '5208 pirkankatu', 'perho', 'kymenlaakso', '80281', '02-049-304', 564, 1),
('aino', 'kantola', 'aino.kantola@example.com', 'rrrrrr', '4730 suvantokatu', 'luvia', 'kainuu', '20841', '09-902-186', 565, 4),
('linnea', 'kilpela', 'linnea.kilpela@example.com', 'joshua1', '1450 aleksanterinkatu', 'vhkyr', 'kainuu', '47811', '08-949-019', 566, 3),
('sanni', 'oja', 'sanni.oja@example.com', 'software', '3833 esplanadi', 'paltamo', 'satakunta', '59062', '03-197-638', 567, 3),
('emilia', 'wiitala', 'emilia.wiitala@example.com', 'race', '8008 hatanpn valtatie', 'teuva', 'pijt-hme', '20938', '07-732-997', 568, 3),
('samuel', 'niemela', 'samuel.niemela@example.com', 'bruce1', '7028 hermiankatu', 'laihia', 'uusimaa', '58811', '04-548-234', 569, 3),
('alisa', 'wiitala', 'alisa.wiitala@example.com', 'bugger', '7479 verkatehtaankatu', 'tohmajrvi', 'land', '62423', '05-519-013', 570, 1),
('miro', 'neva', 'miro.neva@example.com', 'forrest', '6067 aleksanterinkatu', 'hmeenkoski', 'tavastia proper', '43062', '07-994-346', 571, 3),
('anni', 'jarvinen', 'anni.jarvinen@example.com', 'miller', '7736 tahmelantie', 'turku', 'land', '88171', '06-428-664', 572, 1),
('emmi', 'kauppi', 'emmi.kauppi@example.com', 'sterling', '6014 fredrikinkatu', 'mynmki', 'uusimaa', '48108', '09-174-235', 573, 3),
('miro', 'jarvela', 'miro.jarvela@example.com', 'weed420', '8543 aleksanterinkatu', 'pori', 'pijt-hme', '78340', '05-712-171', 574, 2),
('nella', 'korhonen', 'nella.korhonen@example.com', 'faggot', '7574 verkatehtaankatu', 'orimattila', 'satakunta', '96497', '07-584-689', 575, 1),
('eeli', 'halko', 'eeli.halko@example.com', 'blaster', '7370 suvantokatu', 'kuortane', 'central finland', '42119', '04-700-466', 576, 1),
('kasper', 'lampinen', 'kasper.lampinen@example.com', 'corvette', '7336 itsenisyydenkatu', 'taivassalo', 'northern savonia', '58075', '07-964-634', 577, 3),
('ronja', 'paavola', 'ronja.paavola@example.com', 'hannah1', '4222 hermiankatu', 'lappajrvi', 'central finland', '41835', '07-398-832', 578, 4),
('nelli', 'hakola', 'nelli.hakola@example.com', 'knights', '8986 hermiankatu', 'nrpes', 'ostrobothnia', '51408', '05-742-222', 579, 1),
('lumi', 'annala', 'lumi.annala@example.com', 'integra', '9935 esplanadi', 'viitasaari', 'south karelia', '11323', '09-404-179', 580, 2),
('oskari', 'jarvinen', 'oskari.jarvinen@example.com', 'sniper', '5436 fredrikinkatu', 'savonlinna', 'kainuu', '47741', '02-726-321', 581, 4),
('miro', 'wallo', 'miro.wallo@example.com', 'arsenal', '7331 pirkankatu', 'pyht', 'land', '57537', '09-699-908', 582, 4),
('elsa', 'juntunen', 'elsa.juntunen@example.com', 'personal', '6679 hmeenkatu', 'hmeenkoski', 'south karelia', '93981', '06-966-443', 583, 3),
('veera', 'kyllonen', 'veera.kyllonen@example.com', 'hopeful', '6082 rautatienkatu', 'kyyjrvi', 'kymenlaakso', '46754', '02-009-095', 584, 4),
('aleksi', 'kari', 'aleksi.kari@example.com', 'bozo', '7639 rotuaari', 'oulunsalo', 'kainuu', '96610', '02-007-909', 585, 3),
('julius', 'couri', 'julius.couri@example.com', 'scream', '8267 hatanpn valtatie', 'jyvskyl', 'southern ostrobothnia', '28128', '07-965-424', 586, 2),
('eemeli', 'heikkila', 'eemeli.heikkila@example.com', 'lorraine', '8334 pyynikintie', 'vihanti', 'ostrobothnia', '41030', '07-806-555', 587, 4),
('emilia', 'takala', 'emilia.takala@example.com', 'gmoney', '6147 suvantokatu', 'forssa', 'north karelia', '64425', '08-746-640', 588, 2),
('iiris', 'lakso', 'iiris.lakso@example.com', 'lockerroom', '4443 mannerheimintie', 'geta', 'lapland', '13491', '07-336-527', 589, 4),
('elias', 'eskola', 'elias.eskola@example.com', 'scrapper', '2035 hmeenkatu', 'siilinjrvi', 'pirkanmaa', '22218', '08-662-724', 590, 4),
('iina', 'oja', 'iina.oja@example.com', 'collins', '5987 pirkankatu', 'orip', 'ostrobothnia', '68041', '03-467-771', 591, 3),
('alisa', 'koskinen', 'alisa.koskinen@example.com', 'homer', '4294 pirkankatu', 'kajaani', 'southern ostrobothnia', '47645', '05-111-705', 592, 2),
('onni', 'eskola', 'onni.eskola@example.com', 'gonzo', '5095 rotuaari', 'lapinlahti', 'south karelia', '98742', '08-673-200', 593, 1),
('julius', 'couri', 'julius.couri@example.com', 'roberts', '4509 hmeentie', 'pyty', 'northern ostrobothnia', '79899', '08-707-958', 594, 4),
('otto', 'makinen', 'otto.makinen@example.com', 'snake1', '1529 visiokatu', 'kkar', 'finland proper', '10438', '05-632-626', 595, 3),
('siiri', 'kujala', 'siiri.kujala@example.com', 'highway', '6086 mannerheimintie', 'tohmajrvi', 'kymenlaakso', '16554', '07-758-863', 596, 4),
('siiri', 'pollari', 'siiri.pollari@example.com', 'xxxxx', '1232 reijolankatu', 'pyhnt', 'kymenlaakso', '74055', '07-659-209', 597, 3),
('pihla', 'raisanen', 'pihla.raisanen@example.com', 'busty', '9104 rotuaari', 'lavia', 'lapland', '64863', '04-221-879', 598, 3),
('jesse', 'laitinen', 'jesse.laitinen@example.com', 'falcon', '2083 reijolankatu', 'kaavi', 'north karelia', '53090', '06-478-253', 599, 1),
('kasper', 'saari', 'kasper.saari@example.com', 'barnes', '9624 visiokatu', 'porvoo', 'lapland', '93953', '02-945-171', 600, 3),
('isla', 'peltola', 'isla.peltola@example.com', 'monica', '4727 bulevardi', 'nrpes', 'north karelia', '25580', '06-415-496', 601, 1),
('niilo', 'seppanen', 'niilo.seppanen@example.com', 'backbone', '4074 reijolankatu', 'iitti', 'uusimaa', '41828', '04-843-554', 602, 4),
('nooa', 'leinonen', 'nooa.leinonen@example.com', 'prodigy', '7974 bulevardi', 'imatra', 'south karelia', '83685', '02-566-232', 603, 2),
('iina', 'hatala', 'iina.hatala@example.com', 'playboy', '7046 verkatehtaankatu', 'vantaa', 'finland proper', '40909', '07-530-741', 604, 3),
('kerttu', 'seppala', 'kerttu.seppala@example.com', 'sithlord', '7190 otavalankatu', 'merikarvia', 'satakunta', '78433', '07-700-391', 605, 3),
('aada', 'kauppila', 'aada.kauppila@example.com', 'talisman', '3505 pirkankatu', 'nurmes', 'central finland', '22067', '06-230-810', 606, 2),
('siiri', 'haataja', 'siiri.haataja@example.com', 'mack', '6347 satakennankatu', 'kyyjrvi', 'southern savonia', '81901', '05-088-121', 607, 2),
('vilma', 'rinne', 'vilma.rinne@example.com', 'peters', '4155 satakennankatu', 'kirkkonummi', 'ostrobothnia', '84428', '06-406-378', 608, 2),
('eemil', 'perala', 'eemil.perala@example.com', 'referee', '2636 siilitie', 'loimaa', 'land', '67726', '06-125-495', 609, 1),
('iida', 'kangas', 'iida.kangas@example.com', 'smoking', '1875 hermiankatu', 'siikainen', 'uusimaa', '96778', '09-200-597', 610, 2),
('neea', 'maki', 'neea.maki@example.com', 'chocolate', '8309 myllypuronkatu', 'kolari', 'tavastia proper', '65433', '06-274-979', 611, 3),
('viljami', 'kyllo', 'viljami.kyllo@example.com', 'bigone', '6125 visiokatu', 'tammela', 'northern savonia', '20384', '05-681-290', 612, 1),
('elias', 'toro', 'elias.toro@example.com', 'longer', '3447 verkatehtaankatu', 'haapavesi', 'kymenlaakso', '16150', '08-436-961', 613, 2),
('eevi', 'eskola', 'eevi.eskola@example.com', 'bigbear', '5997 itsenisyydenkatu', 'liminka', 'pirkanmaa', '50928', '02-845-443', 614, 3),
('ellen', 'rintala', 'ellen.rintala@example.com', 'barry1', '3171 rautatienkatu', 'forssa', 'central ostrobothnia', '47105', '09-589-849', 615, 2),
('lenni', 'laakso', 'lenni.laakso@example.com', 'dracula', '6089 nordenskildinkatu', 'veteli', 'land', '99358', '08-227-333', 616, 3),
('anni', 'kyllo', 'anni.kyllo@example.com', 'goldie', '1526 myllypuronkatu', 'siikajoki', 'kymenlaakso', '63526', '02-210-270', 617, 4),
('kerttu', 'marttila', 'kerttu.marttila@example.com', 'figure', '5990 pirkankatu', 'ristiina', 'north karelia', '66057', '03-683-145', 618, 4),
('eemeli', 'nikula', 'eemeli.nikula@example.com', 'sterling', '6411 esplanadi', 'ristijrvi', 'northern savonia', '31888', '09-740-286', 619, 1),
('aada', 'latt', 'aada.latt@example.com', 'dolphin1', '8223 otavalankatu', 'espoo', 'land', '74507', '02-194-144', 620, 1),
('juho', 'kotila', 'juho.kotila@example.com', 'brady', '7361 pirkankatu', 'tuusula', 'kymenlaakso', '40104', '02-829-128', 621, 4),
('konsta', 'salonen', 'konsta.salonen@example.com', 'please1', '4583 verkatehtaankatu', 'vierem', 'ostrobothnia', '21776', '04-746-359', 622, 2),
('amanda', 'heikkinen', 'amanda.heikkinen@example.com', 'showing', '1881 suvantokatu', 'marttila', 'tavastia proper', '81850', '03-364-185', 623, 2),
('elias', 'nurmi', 'elias.nurmi@example.com', 'massive', '2243 pispalan valtatie', 'sievi', 'pijt-hme', '42297', '02-638-637', 624, 4),
('nelli', 'pelto', 'nelli.pelto@example.com', 'grace', '7799 hatanpn valtatie', 'puolanka', 'ostrobothnia', '31178', '05-557-862', 625, 1),
('akseli', 'saksa', 'akseli.saksa@example.com', 'aggies', '9730 korkeavuorenkatu', 'kerimki', 'land', '58455', '05-512-738', 626, 3),
('lauri', 'tolonen', 'lauri.tolonen@example.com', 'malice', '3157 fredrikinkatu', 'kokkola', 'north karelia', '60987', '02-231-167', 627, 1),
('aino', 'couri', 'aino.couri@example.com', 'halifax', '4590 aleksanterinkatu', 'lemi', 'ostrobothnia', '33029', '08-706-186', 628, 2),
('arttu', 'laurila', 'arttu.laurila@example.com', 'opendoor', '7146 hmeentie', 'jrvenp', 'lapland', '41006', '06-518-355', 629, 4),
('lenni', 'niemela', 'lenni.niemela@example.com', 'skirt', '2772 verkatehtaankatu', 'geta', 'lapland', '54827', '03-802-011', 630, 4),
('otto', 'korpi', 'otto.korpi@example.com', 'gators1', '1290 pispalan valtatie', 'karkkila', 'ostrobothnia', '48409', '07-586-729', 631, 2),
('viivi', 'lauri', 'viivi.lauri@example.com', 'butler', '4483 myllypuronkatu', 'luhanka', 'central ostrobothnia', '50368', '04-544-465', 632, 2),
('julia', 'tanner', 'julia.tanner@example.com', 'almond', '8817 hmeenkatu', 'valkeakoski', 'north karelia', '43715', '02-656-510', 633, 4),
('emilia', 'lassila', 'emilia.lassila@example.com', 'met2002', '3444 korkeavuorenkatu', 'kauhajoki', 'central finland', '92109', '06-837-311', 634, 4),
('niklas', 'halla', 'niklas.halla@example.com', 'corona', '6362 tahmelantie', 'kiuruvesi', 'lapland', '91037', '02-000-174', 635, 2),
('nella', 'kalas', 'nella.kalas@example.com', 'giant', '6219 verkatehtaankatu', 'kyyjrvi', 'northern savonia', '81718', '09-886-389', 636, 3),
('jimi', 'marttila', 'jimi.marttila@example.com', 'easton', '6903 esplanadi', 'oulainen', 'pijt-hme', '99600', '06-948-944', 637, 2),
('toivo', 'couri', 'toivo.couri@example.com', 'tristan', '7717 pispalan valtatie', 'orip', 'southern ostrobothnia', '52432', '04-691-975', 638, 4),
('pinja', 'elo', 'pinja.elo@example.com', 'ursula', '1467 hermiankatu', 'tarvasjoki', 'kymenlaakso', '40410', '03-771-945', 639, 2),
('miro', 'koistinen', 'miro.koistinen@example.com', 'iiiii', '9000 aleksanterinkatu', 'luhanka', 'central finland', '14930', '03-761-482', 640, 2),
('olivia', 'wainio', 'olivia.wainio@example.com', 'seeker', '5825 hmeentie', 'nurmes', 'finland proper', '74229', '05-982-183', 641, 1),
('linnea', 'laakso', 'linnea.laakso@example.com', 'erika', '6976 hatanpn valtatie', 'mntyharju', 'northern savonia', '34685', '02-955-410', 642, 2),
('jesse', 'korpela', 'jesse.korpela@example.com', '1215', '9478 nordenskildinkatu', 'muonio', 'northern savonia', '33834', '07-917-250', 643, 3),
('hilla', 'koskela', 'hilla.koskela@example.com', 'bibi', '8388 bulevardi', 'asikkala', 'pirkanmaa', '47539', '04-120-494', 644, 4),
('samu', 'raisanen', 'samu.raisanen@example.com', 'seadog', '3295 satakennankatu', 'varkaus', 'central ostrobothnia', '33177', '08-274-179', 645, 2),
('ilona', 'keto', 'ilona.keto@example.com', 'gerald', '6855 tahmelantie', 'kirkkonummi', 'central finland', '57902', '03-903-176', 646, 4),
('emil', 'juntunen', 'emil.juntunen@example.com', 'palmer', '3492 pirkankatu', 'joensuu', 'central finland', '87675', '06-241-121', 647, 4),
('nelli', 'nurmi', 'nelli.nurmi@example.com', 'canyon', '8886 reijolankatu', 'haukipudas', 'uusimaa', '63433', '08-699-761', 648, 4),
('otto', 'valli', 'otto.valli@example.com', 'beezer', '3496 satakennankatu', 'rkkyl', 'central ostrobothnia', '14469', '08-687-301', 649, 4),
('aino', 'elo', 'aino.elo@example.com', 'mouser', '4449 myllypuronkatu', 'pihtipudas', 'southern savonia', '46797', '09-749-984', 650, 2),
('iiris', 'makela', 'iiris.makela@example.com', 'blueblue', '9034 esplanadi', 'hanko', 'northern savonia', '38237', '03-557-433', 651, 3),
('topias', 'kantola', 'topias.kantola@example.com', 'rivera', '8581 nordenskildinkatu', 'forssa', 'north karelia', '20303', '07-255-561', 652, 1),
('ronja', 'kilpela', 'ronja.kilpela@example.com', 'break', '1006 myllypuronkatu', 'lestijrvi', 'northern ostrobothnia', '72234', '02-976-481', 653, 2),
('alisa', 'palo', 'alisa.palo@example.com', 'eduard', '3729 aleksanterinkatu', 'tervola', 'pirkanmaa', '33050', '03-114-755', 654, 1),
('aino', 'rantanen', 'aino.rantanen@example.com', 'bullseye', '5848 korkeavuorenkatu', 'pyty', 'south karelia', '61596', '05-026-508', 655, 1),
('roope', 'huotari', 'roope.huotari@example.com', 'valkyrie', '7213 aleksanterinkatu', 'joensuu', 'southern ostrobothnia', '89815', '08-809-004', 656, 2),
('eemeli', 'marttila', 'eemeli.marttila@example.com', 'money', '4296 fredrikinkatu', 'kerava', 'south karelia', '71725', '07-336-370', 657, 1),
('aleksi', 'manni', 'aleksi.manni@example.com', '3006', '6321 suvantokatu', 'viitasaari', 'kainuu', '46615', '03-541-934', 658, 4),
('julius', 'halla', 'julius.halla@example.com', 'marianne', '3166 pyynikintie', 'lumijoki', 'southern ostrobothnia', '53558', '08-338-368', 659, 1),
('alisa', 'laakso', 'alisa.laakso@example.com', 'wanderer', '9597 itsenisyydenkatu', 'vesanto', 'north karelia', '10578', '09-909-446', 660, 1),
('jesse', 'kyllo', 'jesse.kyllo@example.com', 'snuffy', '4855 esplanadi', 'hmeenkyr', 'southern savonia', '13856', '02-259-207', 661, 3),
('emil', 'haapala', 'emil.haapala@example.com', 'bing', '7144 esplanadi', 'janakkala', 'tavastia proper', '41221', '07-590-552', 662, 1),
('sofia', 'lampinen', 'sofia.lampinen@example.com', 'clarissa', '7536 tehtaankatu', 'turku', 'land', '11614', '04-747-165', 663, 4),
('peetu', 'karjala', 'peetu.karjala@example.com', 'dogger', '4984 visiokatu', 'viitasaari', 'ostrobothnia', '94537', '03-761-916', 664, 1),
('eelis', 'makinen', 'eelis.makinen@example.com', 'orgasm', '6926 visiokatu', 'parikkala', 'northern ostrobothnia', '99125', '04-551-744', 665, 2),
('sara', 'aro', 'sara.aro@example.com', 'longer', '1255 hmeentie', 'enonkoski', 'north karelia', '45885', '07-030-650', 666, 1),
('sofia', 'eskola', 'sofia.eskola@example.com', '1955', '9223 pirkankatu', 'savonlinna', 'tavastia proper', '10248', '06-621-487', 667, 3),
('peetu', 'kari', 'peetu.kari@example.com', 'mikey1', '6084 reijolankatu', 'kiiminki', 'kainuu', '57823', '08-359-982', 668, 1),
('niilo', 'wuollet', 'niilo.wuollet@example.com', 'airplane', '5539 rautatienkatu', 'helsinki', 'tavastia proper', '34637', '08-373-715', 669, 1),
('otto', 'suomi', 'otto.suomi@example.com', 'teddybea', '4044 reijolankatu', 'savonlinna', 'finland proper', '91046', '07-052-044', 670, 4),
('eino', 'perko', 'eino.perko@example.com', 'jackjack', '1906 pyynikintie', 'kustavi', 'tavastia proper', '99926', '03-070-826', 671, 1),
('julia', 'paavola', 'julia.paavola@example.com', 'carpet', '9592 mechelininkatu', 'karkkila', 'northern savonia', '93076', '05-067-308', 672, 2),
('peetu', 'moilanen', 'peetu.moilanen@example.com', 'cancer', '1012 mannerheimintie', 'savitaipale', 'kymenlaakso', '76467', '04-380-893', 673, 2),
('onni', 'kalas', 'onni.kalas@example.com', '0123', '6342 visiokatu', 'laihia', 'kymenlaakso', '54885', '08-790-301', 674, 1),
('elli', 'kumpula', 'elli.kumpula@example.com', '123123', '1353 korkeavuorenkatu', 'siilinjrvi', 'kymenlaakso', '65579', '08-187-728', 675, 3),
('lumi', 'maijala', 'lumi.maijala@example.com', 'punkrock', '1646 siilitie', 'kuhmoinen', 'south karelia', '78597', '05-962-829', 676, 2),
('eemeli', 'seppala', 'eemeli.seppala@example.com', 'gramma', '2352 siilitie', 'hyvink', 'finland proper', '34859', '07-788-553', 677, 2),
('helmi', 'niskanen', 'helmi.niskanen@example.com', 'slick', '9010 myllypuronkatu', 'kitee', 'pijt-hme', '39491', '09-588-968', 678, 1),
('eelis', 'autio', 'eelis.autio@example.com', 'hjkl', '9542 siilitie', 'suomenniemi', 'northern savonia', '40940', '09-468-547', 679, 4),
('viivi', 'wiitala', 'viivi.wiitala@example.com', 'banana', '7848 hmeenkatu', 'tervola', 'central finland', '12494', '06-261-056', 680, 1),
('ilona', 'peltola', 'ilona.peltola@example.com', 'eternity', '5059 pirkankatu', 'skyl', 'central finland', '49201', '05-703-768', 681, 4),
('matias', 'leinonen', 'matias.leinonen@example.com', 'packers', '1713 pyynikintie', 'mntyharju', 'northern savonia', '95227', '05-260-605', 682, 3),
('sanni', 'annala', 'sanni.annala@example.com', 'sammy', '5040 rautatienkatu', 'siuntio', 'kymenlaakso', '27881', '05-118-505', 683, 3),
('leo', 'nurmi', 'leo.nurmi@example.com', 'hahaha', '4022 korkeavuorenkatu', 'kerava', 'satakunta', '67360', '02-415-066', 684, 4),
('olivia', 'lahti', 'olivia.lahti@example.com', 'hardrock', '8564 suvantokatu', 'asikkala', 'ostrobothnia', '42966', '04-946-770', 685, 1),
('toivo', 'nevala', 'toivo.nevala@example.com', 'vgirl', '1274 rotuaari', 'tys', 'south karelia', '84471', '03-390-490', 686, 3),
('konsta', 'rautio', 'konsta.rautio@example.com', 'angels', '8875 verkatehtaankatu', 'lappeenranta', 'north karelia', '89146', '08-293-675', 687, 1),
('elias', 'marttila', 'elias.marttila@example.com', 'pain', '9298 nordenskildinkatu', 'taipalsaari', 'kymenlaakso', '66244', '09-568-688', 688, 2),
('otto', 'niemi', 'otto.niemi@example.com', 'bigd', '9026 tehtaankatu', 'loviisa', 'ostrobothnia', '20925', '06-859-042', 689, 2),
('eevi', 'haataja', 'eevi.haataja@example.com', 'tweety', '2360 hmeentie', 'taipalsaari', 'land', '73489', '07-372-848', 690, 4),
('roope', 'ollila', 'roope.ollila@example.com', 'skywalke', '2247 tahmelantie', 'kotka', 'kainuu', '57410', '08-601-732', 691, 3),
('isla', 'kantola', 'isla.kantola@example.com', 'french', '4774 korkeavuorenkatu', 'urjala', 'southern ostrobothnia', '31607', '07-506-585', 692, 4),
('oona', 'kalm', 'oona.kalm@example.com', 'peanuts', '5821 bulevardi', 'eurajoki', 'southern savonia', '63755', '08-983-866', 693, 1),
('oliver', 'tuominen', 'oliver.tuominen@example.com', 'modena', '1905 rautatienkatu', 'marttila', 'south karelia', '81639', '08-608-743', 694, 2),
('kasper', 'kantola', 'kasper.kantola@example.com', 'cartman1', '3346 mannerheimintie', 'oulainen', 'southern savonia', '54224', '02-284-560', 695, 2),
('matilda', 'perala', 'matilda.perala@example.com', 'compaq1', '9040 verkatehtaankatu', 'pyhnt', 'northern ostrobothnia', '56489', '07-803-462', 696, 4),
('venla', 'maki', 'venla.maki@example.com', 'sluggo', '7294 nordenskildinkatu', 'korsholm', 'tavastia proper', '59657', '05-719-310', 697, 4),
('otto', 'ylitalo', 'otto.ylitalo@example.com', 'gina', '6172 otavalankatu', 'ristiina', 'satakunta', '81090', '02-837-317', 698, 2),
('saana', 'tanner', 'saana.tanner@example.com', 'fettish', '8574 hatanpn valtatie', 'pargas', 'pirkanmaa', '52260', '06-142-039', 699, 4),
('vin', 'koskela', 'vin.koskela@example.com', 'applepie', '5145 mechelininkatu', 'karkkila', 'north karelia', '84324', '06-069-380', 700, 3),
('minttu', 'manni', 'minttu.manni@example.com', 'rrpass1', '7799 pyynikintie', 'kitee', 'ostrobothnia', '87374', '08-141-446', 701, 4),
('lumi', 'autio', 'lumi.autio@example.com', 'superfly', '2905 rautatienkatu', 'sysm', 'land', '61169', '08-875-376', 702, 1),
('akseli', 'lehtonen', 'akseli.lehtonen@example.com', 'cameron', '4139 aleksanterinkatu', 'hmeenlinna', 'northern ostrobothnia', '81264', '07-362-246', 703, 3),
('vilho', 'hanka', 'vilho.hanka@example.com', 'thedon', '9619 tehtaankatu', 'ypj', 'pirkanmaa', '90801', '06-644-469', 704, 1),
('eetu', 'laakso', 'eetu.laakso@example.com', 'kathryn', '1073 pispalan valtatie', 'kemi', 'central ostrobothnia', '29597', '02-361-242', 705, 3),
('arttu', 'kotila', 'arttu.kotila@example.com', '123987', '1999 korkeavuorenkatu', 'lapinlahti', 'south karelia', '54367', '02-676-469', 706, 3),
('samuel', 'huotari', 'samuel.huotari@example.com', 'comedy', '3380 mannerheimintie', 'kiuruvesi', 'pijt-hme', '73743', '09-038-816', 707, 2);
INSERT INTO `users` (`firstname`, `lastname`, `emailID`, `password`, `street`, `city`, `state`, `zipcode`, `phoneNumber`, `uuid`, `rid`) VALUES
('ella', 'peura', 'ella.peura@example.com', 'killkill', '9476 verkatehtaankatu', 'muonio', 'kainuu', '31150', '05-664-220', 708, 4),
('peetu', 'hannula', 'peetu.hannula@example.com', 'fffffff', '3582 esplanadi', 'raseborg', 'satakunta', '18725', '08-050-040', 709, 3),
('konsta', 'aho', 'konsta.aho@example.com', 'qwert', '1901 hermiankatu', 'seinjoki', 'northern ostrobothnia', '84760', '03-660-044', 710, 3),
('daniel', 'huhtala', 'daniel.huhtala@example.com', '112233', '1644 pispalan valtatie', 'karkkila', 'pijt-hme', '71130', '08-908-242', 711, 1),
('kasper', 'erkkila', 'kasper.erkkila@example.com', 'toto', '7586 rotuaari', 'kauhajoki', 'tavastia proper', '28100', '03-838-755', 712, 1),
('joona', 'latvala', 'joona.latvala@example.com', 'asdf1234', '9020 esplanadi', 'pielavesi', 'lapland', '55780', '09-358-196', 713, 1),
('peetu', 'niskanen', 'peetu.niskanen@example.com', 'nuan', '1988 hatanpn valtatie', 'kangasala', 'satakunta', '18496', '07-262-968', 714, 4),
('vilma', 'kujala', 'vilma.kujala@example.com', '4you', '9453 esplanadi', 'pargas', 'finland proper', '82560', '07-787-471', 715, 1),
('juho', 'anttila', 'juho.anttila@example.com', 'conner', '2202 pispalan valtatie', 'kiuruvesi', 'finland proper', '25593', '03-321-132', 716, 2),
('nooa', 'niska', 'nooa.niska@example.com', 'physics', '4955 siilitie', 'kuhmo', 'land', '75644', '02-653-709', 717, 1),
('ella', 'wuori', 'ella.wuori@example.com', 'catcat', '6703 suvantokatu', 'kitee', 'pirkanmaa', '14443', '06-443-699', 718, 3),
('vilho', 'korhonen', 'vilho.korhonen@example.com', 'pathfind', '2952 pyynikintie', 'haukipudas', 'north karelia', '12237', '07-570-623', 719, 2),
('amanda', 'walli', 'amanda.walli@example.com', 'gerry', '1700 otavalankatu', 'kustavi', 'satakunta', '32421', '04-818-769', 720, 2),
('alisa', 'ahola', 'alisa.ahola@example.com', 'hawaii', '7392 otavalankatu', 'rautjrvi', 'central finland', '98886', '08-334-400', 721, 3),
('valtteri', 'eskola', 'valtteri.eskola@example.com', 'mohawk', '8171 pispalan valtatie', 'laukaa', 'south karelia', '31851', '09-920-851', 722, 3),
('julius', 'tervo', 'julius.tervo@example.com', 'glennwei', '5636 hatanpn valtatie', 'savitaipale', 'north karelia', '29268', '06-375-702', 723, 1),
('nella', 'kallio', 'nella.kallio@example.com', 'oasis', '1119 otavalankatu', 'harjavalta', 'kainuu', '29715', '04-902-143', 724, 3),
('emmi', 'lahti', 'emmi.lahti@example.com', 'nichole', '9151 mannerheimintie', 'heinvesi', 'northern ostrobothnia', '62096', '02-405-434', 725, 3),
('aada', 'kantola', 'aada.kantola@example.com', 'bear', '1914 bulevardi', 'kauhajoki', 'south karelia', '37105', '05-552-744', 726, 1),
('ella', 'kauppi', 'ella.kauppi@example.com', 'mankind', '9355 pyynikintie', 'varkaus', 'northern savonia', '57885', '02-791-805', 727, 3),
('anni', 'hannula', 'anni.hannula@example.com', '1962', '1326 pispalan valtatie', 'ilmajoki', 'satakunta', '53572', '07-426-332', 728, 1),
('julia', 'walli', 'julia.walli@example.com', 'catnip', '6617 myllypuronkatu', 'nummi', 'pirkanmaa', '26019', '03-011-711', 729, 1),
('veera', 'eskola', 'veera.eskola@example.com', 'eeyore', '6614 verkatehtaankatu', 'orimattila', 'southern ostrobothnia', '96002', '06-635-186', 730, 4),
('aapo', 'koskinen', 'aapo.koskinen@example.com', 'getsdown', '5817 satakennankatu', 'raseborg', 'central ostrobothnia', '72204', '03-852-949', 731, 1),
('peetu', 'tuomala', 'peetu.tuomala@example.com', 'cambridg', '4421 itsenisyydenkatu', 'suomussalmi', 'kainuu', '69924', '07-900-624', 732, 3),
('iiris', 'puro', 'iiris.puro@example.com', 'fishes', '1695 myllypuronkatu', 'vierem', 'pirkanmaa', '53097', '06-289-264', 733, 4),
('oskari', 'tikkanen', 'oskari.tikkanen@example.com', 'crusty', '9869 aleksanterinkatu', 'ristiina', 'finland proper', '57109', '06-428-990', 734, 2),
('isla', 'ollila', 'isla.ollila@example.com', 'foreplay', '9931 mechelininkatu', 'haapajrvi', 'pirkanmaa', '58094', '07-822-682', 735, 1),
('kerttu', 'rantala', 'kerttu.rantala@example.com', 'jarvis', '5239 visiokatu', 'luhanka', 'ostrobothnia', '82963', '05-973-768', 736, 1),
('leo', 'sakala', 'leo.sakala@example.com', 'michael1', '8587 tehtaankatu', 'ii', 'northern ostrobothnia', '48188', '02-578-159', 737, 1),
('anni', 'lahti', 'anni.lahti@example.com', 'synergy', '4253 pirkankatu', 'sottunga', 'northern ostrobothnia', '33921', '03-767-311', 738, 2),
('isla', 'marttila', 'isla.marttila@example.com', 'tanya', '5976 fredrikinkatu', 'alavieska', 'pijt-hme', '83680', '09-505-649', 739, 1),
('leo', 'peura', 'leo.peura@example.com', 'savannah', '3561 mechelininkatu', 'merikarvia', 'lapland', '85191', '08-876-692', 740, 1),
('kasper', 'niva', 'kasper.niva@example.com', 'lespaul', '3603 satakennankatu', 'nivala', 'ostrobothnia', '70888', '07-442-403', 741, 4),
('daniel', 'salmela', 'daniel.salmela@example.com', 'novell', '5059 verkatehtaankatu', 'uusikaupunki', 'land', '71635', '04-611-397', 742, 4),
('luukas', 'honkala', 'luukas.honkala@example.com', 'youknow', '2579 bulevardi', 'hollola', 'tavastia proper', '44354', '07-116-189', 743, 3),
('sanni', 'wirta', 'sanni.wirta@example.com', 'theater', '4070 verkatehtaankatu', 'nummi', 'tavastia proper', '11093', '08-436-262', 744, 3),
('saana', 'kokko', 'saana.kokko@example.com', 'felicia', '7306 myllypuronkatu', 'karjalohja', 'central ostrobothnia', '47506', '03-718-738', 745, 2),
('joona', 'neva', 'joona.neva@example.com', 'francis', '7566 tahmelantie', 'merijrvi', 'south karelia', '69953', '03-118-473', 746, 3),
('elias', 'rintala', 'elias.rintala@example.com', 'toriamos', '5087 mechelininkatu', 'karvia', 'south karelia', '37849', '05-853-341', 747, 4),
('elli', 'suomi', 'elli.suomi@example.com', 'barney1', '8516 hmeentie', 'ruokolahti', 'uusimaa', '19168', '08-675-744', 748, 1),
('lotta', 'rantala', 'lotta.rantala@example.com', 'drums', '1179 hmeentie', 'rusko', 'tavastia proper', '89948', '02-266-070', 749, 4),
('eetu', 'rautio', 'eetu.rautio@example.com', '321321', '3516 mannerheimintie', 'hmeenlinna', 'southern ostrobothnia', '30068', '09-918-754', 750, 1),
('jesse', 'kangas', 'jesse.kangas@example.com', 'bumble', '2598 hatanpn valtatie', 'orimattila', 'kymenlaakso', '16925', '06-057-146', 751, 3),
('eemil', 'rajala', 'eemil.rajala@example.com', 'jimmy', '3891 aleksanterinkatu', 'ristijrvi', 'south karelia', '71782', '03-762-807', 752, 1),
('alisa', 'hakola', 'alisa.hakola@example.com', 'brooks', '5378 siilitie', 'karstula', 'kymenlaakso', '97274', '06-352-520', 753, 3),
('hilla', 'makela', 'hilla.makela@example.com', 'rhythm', '7724 hmeentie', 'kurikka', 'land', '20105', '05-677-971', 754, 2),
('joel', 'hatala', 'joel.hatala@example.com', 'chrome', '4094 hatanpn valtatie', 'pudasjrvi', 'pijt-hme', '18281', '03-006-433', 755, 2),
('ronja', 'lampinen', 'ronja.lampinen@example.com', 'blueberr', '8601 mannerheimintie', 'kotka', 'southern ostrobothnia', '70593', '07-853-789', 756, 3),
('onni', 'anttila', 'onni.anttila@example.com', 'seneca', '3202 rotuaari', 'luumki', 'northern savonia', '47792', '03-492-606', 757, 4),
('nelli', 'hanninen', 'nelli.hanninen@example.com', 'smoothie', '1666 mechelininkatu', 'seinjoki', 'land', '22675', '05-258-222', 758, 1),
('viljami', 'wiita', 'viljami.wiita@example.com', 'teaser', '8863 korkeavuorenkatu', 'karijoki', 'pirkanmaa', '79115', '02-716-131', 759, 1),
('siiri', 'ketola', 'siiri.ketola@example.com', '147147', '8133 visiokatu', 'punkaharju', 'southern ostrobothnia', '39990', '02-130-974', 760, 3),
('samuel', 'kuusisto', 'samuel.kuusisto@example.com', 'stiletto', '8791 satakennankatu', 'urjala', 'northern ostrobothnia', '67755', '04-438-813', 761, 2),
('ella', 'tuomi', 'ella.tuomi@example.com', 'angus1', '9857 itsenisyydenkatu', 'ypj', 'kymenlaakso', '30728', '07-937-968', 762, 3),
('emma', 'lassila', 'emma.lassila@example.com', 'brandon', '1371 pirkankatu', 'kaskinen', 'finland proper', '83144', '06-481-808', 763, 3),
('matias', 'koistinen', 'matias.koistinen@example.com', 'vgirl', '2144 satakennankatu', 'kristinestad', 'ostrobothnia', '79608', '02-030-281', 764, 1),
('enni', 'hatala', 'enni.hatala@example.com', 'monkey1', '8667 satakennankatu', 'kuhmoinen', 'southern ostrobothnia', '41147', '07-169-484', 765, 1),
('emma', 'waisanen', 'emma.waisanen@example.com', 'camero1', '5799 myllypuronkatu', 'humppila', 'south karelia', '47088', '08-603-651', 766, 2),
('iida', 'wuollet', 'iida.wuollet@example.com', 'qwertyuiop', '3303 bulevardi', 'pielavesi', 'tavastia proper', '35823', '05-783-049', 767, 4),
('veeti', 'latvala', 'veeti.latvala@example.com', 'googoo', '7969 hatanpn valtatie', 'kangasniemi', 'ostrobothnia', '42039', '09-294-745', 768, 2),
('arttu', 'kyllonen', 'arttu.kyllonen@example.com', 'ambrosia', '4761 mannerheimintie', 'valkeakoski', 'northern savonia', '70764', '03-155-563', 769, 1),
('daniel', 'laine', 'daniel.laine@example.com', 'rascal', '8322 rotuaari', 'pello', 'northern ostrobothnia', '28807', '05-298-111', 770, 3),
('julius', 'toivonen', 'julius.toivonen@example.com', 'paco', '8146 korkeavuorenkatu', 'luhanka', 'southern ostrobothnia', '86127', '09-169-161', 771, 4),
('konsta', 'mattila', 'konsta.mattila@example.com', 'play', '7688 hermiankatu', 'raseborg', 'tavastia proper', '55811', '02-235-537', 772, 4),
('niklas', 'salminen', 'niklas.salminen@example.com', 'akira', '5396 tehtaankatu', 'nivala', 'ostrobothnia', '81384', '07-978-773', 773, 2),
('arttu', 'kumpula', 'arttu.kumpula@example.com', 'dolores', '6427 mechelininkatu', 'punkalaidun', 'north karelia', '89414', '04-620-813', 774, 2),
('joona', 'huhtala', 'joona.huhtala@example.com', 'oceans', '5012 aleksanterinkatu', 'muonio', 'finland proper', '70350', '04-025-212', 775, 3),
('lenni', 'perala', 'lenni.perala@example.com', 'pipeline', '1954 hmeenkatu', 'siuntio', 'satakunta', '59739', '06-880-695', 776, 3),
('miro', 'makinen', 'miro.makinen@example.com', 'girl', '6266 verkatehtaankatu', 'jmijrvi', 'satakunta', '32186', '08-919-207', 777, 3),
('minea', 'lehtonen', 'minea.lehtonen@example.com', 'sting', '6848 otavalankatu', 'porvoo', 'pijt-hme', '53770', '07-154-733', 778, 1),
('niilo', 'tolonen', 'niilo.tolonen@example.com', 'keller', '9543 verkatehtaankatu', 'enonteki', 'northern savonia', '28773', '09-351-670', 779, 4),
('valtteri', 'haapala', 'valtteri.haapala@example.com', 'junebug', '9264 rotuaari', 'savukoski', 'finland proper', '99279', '09-615-376', 780, 1),
('elsa', 'mikkola', 'elsa.mikkola@example.com', 'andre', '5183 fredrikinkatu', 'kankaanp', 'finland proper', '38814', '06-679-888', 781, 4),
('aleksi', 'pulkkinen', 'aleksi.pulkkinen@example.com', 'killer1', '1709 korkeavuorenkatu', 'sund', 'northern ostrobothnia', '58068', '05-966-211', 782, 1),
('isla', 'valli', 'isla.valli@example.com', 'simba1', '4115 visiokatu', 'punkalaidun', 'kymenlaakso', '15024', '09-077-715', 783, 2),
('arttu', 'moilanen', 'arttu.moilanen@example.com', 'owen', '9967 suvantokatu', 'vaala', 'central finland', '94386', '06-890-505', 784, 1),
('vilma', 'kivi', 'vilma.kivi@example.com', 'badboy', '8948 tehtaankatu', 'yljrvi', 'finland proper', '17607', '03-444-498', 785, 2),
('aada', 'pesola', 'aada.pesola@example.com', 'anubis', '4642 suvantokatu', 'raseborg', 'ostrobothnia', '15912', '09-240-485', 786, 4),
('kerttu', 'neva', 'kerttu.neva@example.com', 'money', '3304 itsenisyydenkatu', 'inari', 'northern savonia', '25197', '03-094-805', 787, 2),
('rasmus', 'laitinen', 'rasmus.laitinen@example.com', 'smoothie', '1567 verkatehtaankatu', 'orimattila', 'southern savonia', '94955', '03-032-338', 788, 2),
('ilona', 'raisanen', 'ilona.raisanen@example.com', 'biology', '9780 suvantokatu', 'haapavesi', 'lapland', '82141', '06-668-986', 789, 3),
('lumi', 'korhonen', 'lumi.korhonen@example.com', 'catalina', '1809 rotuaari', 'kaavi', 'southern savonia', '48007', '09-214-990', 790, 3),
('aada', 'kalas', 'aada.kalas@example.com', 'oldman', '7963 mannerheimintie', 'vhkyr', 'kymenlaakso', '26484', '02-901-450', 791, 1),
('aatu', 'jokela', 'aatu.jokela@example.com', 'jessica1', '7279 rotuaari', 'siikainen', 'central finland', '23131', '09-663-134', 792, 4),
('luukas', 'kauppila', 'luukas.kauppila@example.com', 'kayla', '2176 visiokatu', 'nummi', 'central finland', '61147', '04-748-296', 793, 4),
('sanni', 'juntunen', 'sanni.juntunen@example.com', 'stephan', '6276 pyynikintie', 'urjala', 'pijt-hme', '13332', '05-510-269', 794, 1),
('veera', 'murto', 'veera.murto@example.com', 'garden', '5692 verkatehtaankatu', 'kauhajoki', 'pirkanmaa', '85069', '09-650-702', 795, 3),
('vin', 'hautala', 'vin.hautala@example.com', 'online', '1216 hmeenkatu', 'reisjrvi', 'central ostrobothnia', '77095', '02-098-312', 796, 3),
('rasmus', 'salo', 'rasmus.salo@example.com', 'qwerty7', '3407 bulevardi', 'paimio', 'northern ostrobothnia', '37107', '06-512-285', 797, 4),
('aatu', 'lampi', 'aatu.lampi@example.com', 'wwwwww', '6870 esplanadi', 'yljrvi', 'uusimaa', '72060', '02-495-124', 798, 4),
('veera', 'leino', 'veera.leino@example.com', 'krusty', '9431 hermiankatu', 'jms', 'southern ostrobothnia', '58988', '02-176-124', 799, 1),
('iiris', 'karvonen', 'iiris.karvonen@example.com', 'juventus', '7727 verkatehtaankatu', 'kaskinen', 'south karelia', '72134', '05-933-471', 800, 3),
('venla', 'salmela', 'venla.salmela@example.com', 'zebra', '9789 korkeavuorenkatu', 'mynmki', 'south karelia', '86362', '06-282-330', 801, 2),
('aapo', 'maki', 'aapo.maki@example.com', 'capecod', '6917 tahmelantie', 'mariehamn', 'central ostrobothnia', '48277', '04-893-445', 802, 2),
('viivi', 'saksa', 'viivi.saksa@example.com', 'cisco', '2433 otavalankatu', 'vierem', 'north karelia', '81662', '06-983-899', 803, 2),
('iiris', 'oja', 'iiris.oja@example.com', 'penguin1', '7761 satakennankatu', 'kittil', 'uusimaa', '10245', '09-636-766', 804, 4),
('toivo', 'kemppainen', 'toivo.kemppainen@example.com', 'hotmail', '5307 visiokatu', 'rkkyl', 'north karelia', '76879', '04-492-910', 805, 1),
('neea', 'salminen', 'neea.salminen@example.com', 'masterbaiting', '6374 nordenskildinkatu', 'kuhmoinen', 'northern savonia', '56316', '07-974-750', 806, 4),
('konsta', 'rintala', 'konsta.rintala@example.com', 'dewalt', '2454 siilitie', 'jokioinen', 'lapland', '23091', '03-982-873', 807, 4),
('jimi', 'takala', 'jimi.takala@example.com', 'vampires', '8696 siilitie', 'loviisa', 'southern ostrobothnia', '71068', '02-991-261', 808, 2),
('emilia', 'nurmi', 'emilia.nurmi@example.com', 'mason1', '5033 nordenskildinkatu', 'keslahti', 'northern ostrobothnia', '92665', '07-246-176', 809, 3),
('leo', 'kotila', 'leo.kotila@example.com', 'yvonne', '1724 visiokatu', 'ilomantsi', 'south karelia', '32222', '09-516-217', 810, 2),
('juho', 'tanner', 'juho.tanner@example.com', 'chucky', '1371 rotuaari', 'laitila', 'uusimaa', '50401', '03-503-482', 811, 3),
('venla', 'salo', 'venla.salo@example.com', 'oblivion', '6551 siilitie', 'marttila', 'kainuu', '56052', '03-657-747', 812, 1),
('lumi', 'rantala', 'lumi.rantala@example.com', 'deeznutz', '2711 satakennankatu', 'nrpes', 'finland proper', '78452', '03-924-031', 813, 4),
('joona', 'hakola', 'joona.hakola@example.com', 'leeds', '8679 hermiankatu', 'juankoski', 'lapland', '85230', '05-411-528', 814, 2),
('aino', 'raisanen', 'aino.raisanen@example.com', 'nurses', '2646 siilitie', 'seinjoki', 'satakunta', '19659', '05-344-113', 815, 4),
('pihla', 'paavola', 'pihla.paavola@example.com', 'foot', '6378 hmeentie', 'finstrm', 'central finland', '28948', '02-908-149', 816, 1),
('jimi', 'kujala', 'jimi.kujala@example.com', 'luck', '3718 verkatehtaankatu', 'huittinen', 'tavastia proper', '47118', '06-762-030', 817, 3),
('eemil', 'couri', 'eemil.couri@example.com', 'force', '8415 satakennankatu', 'kittil', 'northern savonia', '99461', '02-737-310', 818, 2),
('miro', 'lassila', 'miro.lassila@example.com', 'xtreme', '7816 fredrikinkatu', 'mntyharju', 'north karelia', '93257', '04-182-589', 819, 1),
('topias', 'wiitala', 'topias.wiitala@example.com', 'sammie', '7713 siilitie', 'ruokolahti', 'uusimaa', '90440', '05-055-401', 820, 3),
('eemil', 'leinonen', 'eemil.leinonen@example.com', 'quan', '8913 fredrikinkatu', 'kiiminki', 'kymenlaakso', '95494', '03-364-664', 821, 2),
('eino', 'karvonen', 'eino.karvonen@example.com', 'boomer1', '9690 esplanadi', 'geta', 'ostrobothnia', '10748', '08-284-970', 822, 4),
('aapo', 'eskola', 'aapo.eskola@example.com', 'sparky1', '9869 otavalankatu', 'pyht', 'finland proper', '30114', '05-370-886', 823, 2),
('niilo', 'koskinen', 'niilo.koskinen@example.com', 'strat', '3800 nordenskildinkatu', 'aura', 'land', '61699', '08-526-563', 824, 2),
('niklas', 'arola', 'niklas.arola@example.com', 'warcraft', '3838 pispalan valtatie', 'taivassalo', 'uusimaa', '45325', '09-156-122', 825, 3),
('anni', 'waisanen', 'anni.waisanen@example.com', 'players', '2543 pispalan valtatie', 'laitila', 'pirkanmaa', '51253', '09-510-245', 826, 2),
('emma', 'wirtanen', 'emma.wirtanen@example.com', 'forgot', '8300 verkatehtaankatu', 'virrat', 'southern ostrobothnia', '32713', '08-755-806', 827, 2),
('emilia', 'ollila', 'emilia.ollila@example.com', 'willie', '2958 pyynikintie', 'kronoby', 'central ostrobothnia', '25226', '02-397-888', 828, 4),
('ellen', 'remes', 'ellen.remes@example.com', 'baggins', '3019 tahmelantie', 'nekoski', 'land', '92746', '06-847-094', 829, 2),
('isla', 'aro', 'isla.aro@example.com', 'jason', '5720 myllypuronkatu', 'varkaus', 'kymenlaakso', '96114', '08-486-140', 830, 2),
('eemeli', 'laitinen', 'eemeli.laitinen@example.com', 'dima', '8922 bulevardi', 'jmijrvi', 'pijt-hme', '52783', '02-606-926', 831, 4),
('nooa', 'kyllo', 'nooa.kyllo@example.com', 'eastside', '3871 hermiankatu', 'orip', 'southern ostrobothnia', '40448', '09-524-651', 832, 2),
('ronja', 'leppo', 'ronja.leppo@example.com', 'davidson', '7431 hmeentie', 'krsmki', 'satakunta', '91643', '07-957-104', 833, 2),
('elsa', 'manni', 'elsa.manni@example.com', 'ranch', '1496 itsenisyydenkatu', 'vihanti', 'southern savonia', '36969', '06-040-154', 834, 3),
('leo', 'honkala', 'leo.honkala@example.com', 'mariposa', '1664 reijolankatu', 'mynmki', 'finland proper', '88869', '03-409-493', 835, 2),
('linnea', 'kinnunen', 'linnea.kinnunen@example.com', '1970', '1590 hermiankatu', 'salla', 'land', '50168', '02-238-991', 836, 2),
('anton', 'aro', 'anton.aro@example.com', 'murphy', '9910 mannerheimintie', 'kuortane', 'uusimaa', '14065', '06-563-921', 837, 2),
('joona', 'wallo', 'joona.wallo@example.com', 'sister', '1829 hatanpn valtatie', 'karjalohja', 'lapland', '66970', '03-745-399', 838, 3),
('julia', 'leinonen', 'julia.leinonen@example.com', 'airforce', '4306 esplanadi', 'vaala', 'southern savonia', '52780', '05-125-050', 839, 4),
('peetu', 'seppala', 'peetu.seppala@example.com', 'boys', '1276 tehtaankatu', 'nivala', 'land', '48816', '04-551-610', 840, 4),
('mikael', 'tikkanen', 'mikael.tikkanen@example.com', 'brighton', '7186 tehtaankatu', 'rautavaara', 'south karelia', '75920', '09-642-940', 841, 4),
('lauri', 'maunu', 'lauri.maunu@example.com', 'louise', '3198 fredrikinkatu', 'salo', 'pirkanmaa', '37055', '04-400-190', 842, 2),
('anni', 'pelto', 'anni.pelto@example.com', 'viper', '5283 pyynikintie', 'merikarvia', 'northern ostrobothnia', '17579', '05-259-785', 843, 2),
('joona', 'oja', 'joona.oja@example.com', 'cleopatr', '1829 bulevardi', 'tampere', 'pijt-hme', '37335', '07-752-389', 844, 2),
('arttu', 'justi', 'arttu.justi@example.com', 'jimbob', '4752 myllypuronkatu', 'pielavesi', 'tavastia proper', '88373', '09-441-897', 845, 2),
('sara', 'oja', 'sara.oja@example.com', 'flame', '7413 tahmelantie', 'juankoski', 'satakunta', '91125', '08-972-581', 846, 1),
('kerttu', 'leino', 'kerttu.leino@example.com', '5329', '8564 hmeenkatu', 'juupajoki', 'land', '24568', '03-322-018', 847, 1),
('daniel', 'murto', 'daniel.murto@example.com', 'hotgirls', '8469 verkatehtaankatu', 'lapua', 'kymenlaakso', '71930', '09-276-116', 848, 4),
('viljami', 'perala', 'viljami.perala@example.com', 'redsox1', '7749 mechelininkatu', 'nastola', 'central ostrobothnia', '44919', '03-181-696', 849, 3),
('niilo', 'jokinen', 'niilo.jokinen@example.com', 'alien', '6243 korkeavuorenkatu', 'yli', 'land', '56766', '02-946-540', 850, 2),
('jimi', 'jarvi', 'jimi.jarvi@example.com', 'keksa12', '5527 nordenskildinkatu', 'nastola', 'southern savonia', '79132', '07-127-167', 851, 1),
('eetu', 'remes', 'eetu.remes@example.com', 'kerouac', '3872 aleksanterinkatu', 'kuhmoinen', 'pirkanmaa', '89175', '02-701-313', 852, 2),
('alisa', 'heinonen', 'alisa.heinonen@example.com', '49ers', '5043 hatanpn valtatie', 'pihtipudas', 'kainuu', '76222', '06-056-590', 853, 1),
('nella', 'lehtola', 'nella.lehtola@example.com', 'gunther', '8636 bulevardi', 'turku', 'ostrobothnia', '15536', '09-374-202', 854, 3),
('aleksi', 'kauppi', 'aleksi.kauppi@example.com', 'skeeter', '7705 hmeentie', 'liminka', 'central ostrobothnia', '67591', '08-607-758', 855, 3),
('roope', 'koskela', 'roope.koskela@example.com', 'fight', '9781 rautatienkatu', 'sund', 'south karelia', '67415', '08-337-645', 856, 4),
('alisa', 'tuomi', 'alisa.tuomi@example.com', 'anything', '8122 bulevardi', 'simo', 'pijt-hme', '20312', '02-825-190', 857, 3),
('emmi', 'erkkila', 'emmi.erkkila@example.com', 'iloveyou2', '3153 aleksanterinkatu', 'merijrvi', 'lapland', '90558', '08-118-921', 858, 4),
('vin', 'lampo', 'vin.lampo@example.com', 'bank', '5950 verkatehtaankatu', 'sotkamo', 'kymenlaakso', '34376', '04-481-541', 859, 4),
('julius', 'neva', 'julius.neva@example.com', 'puppet', '9999 korkeavuorenkatu', 'pielavesi', 'lapland', '30624', '05-599-998', 860, 4),
('anni', 'ahonen', 'anni.ahonen@example.com', 'lancia', '5289 esplanadi', 'lavia', 'finland proper', '90517', '08-119-273', 861, 3),
('eemeli', 'salmela', 'eemeli.salmela@example.com', 'chacha', '2060 korkeavuorenkatu', 'marttila', 'uusimaa', '76604', '05-169-314', 862, 3),
('niilo', 'leppanen', 'niilo.leppanen@example.com', 'alucard', '9952 nordenskildinkatu', 'naantali', 'kainuu', '17974', '04-176-703', 863, 4),
('ella', 'nevala', 'ella.nevala@example.com', 'block', '3861 myllypuronkatu', 'pertunmaa', 'lapland', '47667', '08-365-341', 864, 1),
('eevi', 'aro', 'eevi.aro@example.com', 'john', '7843 verkatehtaankatu', 'ranua', 'southern ostrobothnia', '29737', '04-285-241', 865, 3),
('nooa', 'murto', 'nooa.murto@example.com', 'alpine', '3988 nordenskildinkatu', 'hanko', 'central finland', '98282', '07-277-397', 866, 4),
('eetu', 'salminen', 'eetu.salminen@example.com', 'lexus', '7890 nordenskildinkatu', 'nrpes', 'north karelia', '48056', '02-431-436', 867, 3),
('samuel', 'lampinen', 'samuel.lampinen@example.com', 'sharks', '4322 suvantokatu', 'oulu', 'north karelia', '13935', '05-703-627', 868, 3),
('kerttu', 'huhta', 'kerttu.huhta@example.com', 'arturo', '2324 verkatehtaankatu', 'vesilahti', 'kainuu', '93889', '04-920-215', 869, 1),
('ellen', 'pulli', 'ellen.pulli@example.com', 'golfing', '9393 nordenskildinkatu', 'kaavi', 'southern savonia', '48569', '09-770-251', 870, 1),
('sofia', 'lehtola', 'sofia.lehtola@example.com', 'malaka', '6482 reijolankatu', 'iisalmi', 'southern savonia', '34184', '02-302-514', 871, 3),
('enni', 'lehtonen', 'enni.lehtonen@example.com', 'charles', '8289 otavalankatu', 'alavus', 'tavastia proper', '27253', '05-050-182', 872, 3),
('linnea', 'waara', 'linnea.waara@example.com', 'liverpool', '2198 siilitie', 'karijoki', 'kymenlaakso', '21653', '09-669-565', 873, 1),
('pinja', 'koski', 'pinja.koski@example.com', 'jack1', '8164 myllypuronkatu', 'hyrynsalmi', 'central ostrobothnia', '65236', '09-867-211', 874, 2),
('ellen', 'sippola', 'ellen.sippola@example.com', 'primus', '8205 mechelininkatu', 'humppila', 'north karelia', '80072', '08-063-034', 875, 3),
('ella', 'hatala', 'ella.hatala@example.com', 'wildcat', '8319 satakennankatu', 'hammarland', 'pirkanmaa', '97269', '05-793-863', 876, 1),
('toivo', 'salo', 'toivo.salo@example.com', 'century', '1109 visiokatu', 'jalasjrvi', 'ostrobothnia', '54069', '06-199-939', 877, 2),
('lilja', 'kyllo', 'lilja.kyllo@example.com', 'steele', '3963 tehtaankatu', 'viitasaari', 'ostrobothnia', '41095', '04-780-487', 878, 1),
('aapo', 'rautio', 'aapo.rautio@example.com', 'havana', '4011 myllypuronkatu', 'lavia', 'central ostrobothnia', '44645', '09-230-710', 879, 1),
('nelli', 'salminen', 'nelli.salminen@example.com', 'hockey', '4456 tahmelantie', 'loppi', 'ostrobothnia', '39017', '02-389-002', 880, 1),
('sanni', 'raisanen', 'sanni.raisanen@example.com', 'shane', '7067 esplanadi', 'ylivieska', 'north karelia', '52885', '02-924-357', 881, 4),
('nooa', 'pietila', 'nooa.pietila@example.com', 'laurel', '8884 reijolankatu', 'laitila', 'south karelia', '75638', '06-018-952', 882, 1),
('eelis', 'mattila', 'eelis.mattila@example.com', 'jjjjjj', '4406 itsenisyydenkatu', 'oulu', 'pijt-hme', '68528', '06-559-139', 883, 3),
('joel', 'rintala', 'joel.rintala@example.com', '1007', '8139 otavalankatu', 'kyli', 'finland proper', '29836', '05-097-662', 884, 3),
('elli', 'maki', 'elli.maki@example.com', 'llll', '5713 rotuaari', 'nurmes', 'south karelia', '90731', '06-851-047', 885, 1),
('luukas', 'polon', 'luukas.polon@example.com', 'ferguson', '2567 korkeavuorenkatu', 'lapua', 'kainuu', '16304', '02-991-312', 886, 3),
('peppi', 'hautala', 'peppi.hautala@example.com', 'moreno', '7983 tahmelantie', 'lohja', 'pijt-hme', '13889', '08-468-038', 887, 3),
('elli', 'kivi', 'elli.kivi@example.com', 'catalina', '9478 rautatienkatu', 'vesilahti', 'kymenlaakso', '53723', '09-673-727', 888, 4),
('oskari', 'suomi', 'oskari.suomi@example.com', 'ross', '7201 rautatienkatu', 'pyhnt', 'southern savonia', '62199', '06-056-968', 889, 3),
('olivia', 'kangas', 'olivia.kangas@example.com', 'whiteout', '4897 myllypuronkatu', 'evijrvi', 'central ostrobothnia', '63766', '09-904-061', 890, 3),
('sara', 'salminen', 'sara.salminen@example.com', 'falcon1', '2308 fredrikinkatu', 'askola', 'tavastia proper', '61320', '07-456-541', 891, 4),
('daniel', 'wainio', 'daniel.wainio@example.com', 'bmw325', '8192 aleksanterinkatu', 'multia', 'ostrobothnia', '23637', '06-521-957', 892, 4),
('sofia', 'halla', 'sofia.halla@example.com', '12345678', '8838 hatanpn valtatie', 'savonlinna', 'central ostrobothnia', '74992', '05-195-966', 893, 1),
('elsa', 'heino', 'elsa.heino@example.com', 'dancer', '8471 hmeentie', 'aura', 'lapland', '13529', '03-477-661', 894, 3),
('venla', 'lassila', 'venla.lassila@example.com', 'dancing', '7062 korkeavuorenkatu', 'ilomantsi', 'land', '33117', '05-236-585', 895, 2),
('mikael', 'ramo', 'mikael.ramo@example.com', 'cygnus', '2492 verkatehtaankatu', 'luvia', 'finland proper', '69269', '06-892-080', 896, 4),
('elsa', 'halonen', 'elsa.halonen@example.com', 'shanti', '8507 siilitie', 'savukoski', 'north karelia', '40073', '05-267-792', 897, 4),
('helmi', 'kauppila', 'helmi.kauppila@example.com', 'dddd', '9546 fredrikinkatu', 'seinjoki', 'northern ostrobothnia', '40867', '04-729-352', 898, 1),
('pihla', 'keranen', 'pihla.keranen@example.com', 'ruan', '9298 itsenisyydenkatu', 'raisio', 'satakunta', '78919', '08-804-665', 899, 1),
('eeli', 'takala', 'eeli.takala@example.com', 'coltrane', '2168 hmeenkatu', 'tampere', 'northern savonia', '62920', '05-342-515', 900, 2),
('vin', 'laine', 'vin.laine@example.com', 'katrina', '3010 otavalankatu', 'sysm', 'land', '58002', '02-265-405', 901, 4),
('iina', 'maunu', 'iina.maunu@example.com', 'bearcat', '3262 hmeentie', 'keitele', 'northern savonia', '76422', '08-659-893', 902, 3),
('aapo', 'laurila', 'aapo.laurila@example.com', 'wedding', '3118 siilitie', 'vihti', 'central finland', '58094', '02-239-126', 903, 2),
('viivi', 'korpela', 'viivi.korpela@example.com', 'village', '8164 rautatienkatu', 'enonkoski', 'southern savonia', '56556', '06-676-498', 904, 3),
('isla', 'kangas', 'isla.kangas@example.com', 'lindsay', '5206 fredrikinkatu', 'honkajoki', 'land', '87269', '05-221-238', 905, 1),
('aapo', 'jokinen', 'aapo.jokinen@example.com', 'passwor', '8593 pyynikintie', 'forssa', 'southern ostrobothnia', '54186', '08-934-576', 906, 3),
('kerttu', 'kantola', 'kerttu.kantola@example.com', 'grover', '3468 verkatehtaankatu', 'brnd', 'central finland', '59074', '09-780-187', 907, 4),
('aada', 'kyllonen', 'aada.kyllonen@example.com', 'gundam', '3812 pispalan valtatie', 'skyl', 'southern savonia', '54311', '06-209-989', 908, 4),
('jesse', 'maki', 'jesse.maki@example.com', 'fender1', '1970 hmeenkatu', 'nurmijrvi', 'finland proper', '91797', '07-367-894', 909, 2),
('oona', 'hokkanen', 'oona.hokkanen@example.com', '575757', '5005 tehtaankatu', 'kangasniemi', 'north karelia', '56637', '09-422-716', 910, 3),
('emmi', 'wiita', 'emmi.wiita@example.com', 'mancity', '8321 hatanpn valtatie', 'mynmki', 'southern savonia', '26610', '08-532-771', 911, 4),
('konsta', 'halko', 'konsta.halko@example.com', 'sara', '5811 tehtaankatu', 'puolanka', 'lapland', '22219', '03-274-463', 912, 3),
('oliver', 'karjala', 'oliver.karjala@example.com', 'ginger', '1144 pirkankatu', 'ruovesi', 'tavastia proper', '32100', '07-206-016', 913, 2),
('rasmus', 'wirta', 'rasmus.wirta@example.com', 'wildman', '8149 pyynikintie', 'nivala', 'northern savonia', '22341', '08-556-322', 914, 3),
('matias', 'karvonen', 'matias.karvonen@example.com', 'encore', '3453 verkatehtaankatu', 'pirkkala', 'pirkanmaa', '16689', '09-912-229', 915, 2),
('minea', 'niemi', 'minea.niemi@example.com', 'forumwp', '3391 hmeenkatu', 'lapinlahti', 'south karelia', '24952', '03-826-017', 916, 1),
('eetu', 'kalas', 'eetu.kalas@example.com', 'toad', '4718 tahmelantie', 'kimiton', 'central finland', '28622', '02-178-287', 917, 3),
('viljami', 'lepisto', 'viljami.lepisto@example.com', '1214', '8088 hmeenkatu', 'pelkosenniemi', 'southern savonia', '48851', '03-862-990', 918, 1),
('emma', 'heikkila', 'emma.heikkila@example.com', 'chopper', '2441 visiokatu', 'nykarleby', 'pirkanmaa', '89112', '05-902-674', 919, 4),
('ronja', 'tikkanen', 'ronja.tikkanen@example.com', 'oxford', '9121 hatanpn valtatie', 'rauma', 'lapland', '60300', '09-713-566', 920, 2),
('arttu', 'leppo', 'arttu.leppo@example.com', 'beast1', '5485 tehtaankatu', 'lapinjrvi', 'satakunta', '13841', '06-655-522', 921, 4),
('samu', 'koivisto', 'samu.koivisto@example.com', 'todd', '2077 nordenskildinkatu', 'utsjoki', 'tavastia proper', '92913', '07-131-056', 922, 1),
('roope', 'wainio', 'roope.wainio@example.com', 'animals', '6529 bulevardi', 'pirkkala', 'pijt-hme', '82787', '07-537-079', 923, 1),
('enni', 'maki', 'enni.maki@example.com', 'rainbow', '9221 reijolankatu', 'humppila', 'pijt-hme', '64452', '02-571-410', 924, 3),
('iina', 'nurmi', 'iina.nurmi@example.com', 'china', '6475 mannerheimintie', 'vehmaa', 'lapland', '28078', '06-089-364', 925, 1),
('anni', 'paavola', 'anni.paavola@example.com', 'slayer', '3774 pyynikintie', 'karstula', 'tavastia proper', '32166', '09-174-687', 926, 4),
('akseli', 'koski', 'akseli.koski@example.com', '1717', '1920 rautatienkatu', 'halsua', 'central ostrobothnia', '67477', '06-707-423', 927, 3),
('kerttu', 'heikkinen', 'kerttu.heikkinen@example.com', 'qweasd', '6206 rautatienkatu', 'pirkkala', 'south karelia', '80945', '09-452-723', 928, 1),
('jesse', 'aalto', 'jesse.aalto@example.com', 'house', '3177 rautatienkatu', 'mynmki', 'south karelia', '69082', '04-624-879', 929, 2),
('minttu', 'peura', 'minttu.peura@example.com', 'mental', '3232 otavalankatu', 'nykarleby', 'central finland', '79448', '04-766-164', 930, 3),
('eevi', 'koski', 'eevi.koski@example.com', 'fishman', '7421 mechelininkatu', 'enonteki', 'finland proper', '52784', '07-656-802', 931, 2),
('jesse', 'wirta', 'jesse.wirta@example.com', 'blaze', '5903 myllypuronkatu', 'laukaa', 'southern savonia', '51300', '06-920-656', 932, 1),
('vilma', 'korhonen', 'vilma.korhonen@example.com', 'eagles1', '4856 pispalan valtatie', 'tohmajrvi', 'southern savonia', '40521', '02-565-850', 933, 2),
('mikael', 'jarvela', 'mikael.jarvela@example.com', 'roberto', '2251 pirkankatu', 'loppi', 'kainuu', '10712', '07-572-702', 934, 2),
('eeli', 'niva', 'eeli.niva@example.com', 'bronze', '9654 aleksanterinkatu', 'lapua', 'uusimaa', '69591', '02-592-710', 935, 4),
('helmi', 'rintala', 'helmi.rintala@example.com', 'jimjim', '7521 mechelininkatu', 'jokioinen', 'central ostrobothnia', '12937', '05-233-950', 936, 3),
('lauri', 'karjala', 'lauri.karjala@example.com', 'robotech', '7670 nordenskildinkatu', 'enonteki', 'northern ostrobothnia', '30077', '04-967-168', 937, 3),
('lotta', 'peltonen', 'lotta.peltonen@example.com', 'volkswag', '3019 pyynikintie', 'alavieska', 'southern savonia', '40898', '02-176-546', 938, 3),
('daniel', 'jokinen', 'daniel.jokinen@example.com', 'skyler', '3971 hatanpn valtatie', 'siuntio', 'pijt-hme', '37581', '04-803-493', 939, 2),
('lauri', 'korpela', 'lauri.korpela@example.com', 'mandrake', '9083 pyynikintie', 'jmijrvi', 'kymenlaakso', '73374', '08-262-768', 940, 1),
('peetu', 'ketola', 'peetu.ketola@example.com', '852456', '2496 rotuaari', 'miehikkl', 'pijt-hme', '84218', '03-727-464', 941, 3),
('oona', 'salminen', 'oona.salminen@example.com', 'protect', '1731 tehtaankatu', 'ruokolahti', 'central ostrobothnia', '14604', '03-964-620', 942, 2),
('nooa', 'linna', 'nooa.linna@example.com', 'pressure', '6523 siilitie', 'haapavesi', 'northern ostrobothnia', '85342', '06-073-151', 943, 2),
('onni', 'pesola', 'onni.pesola@example.com', '010203', '4446 korkeavuorenkatu', 'halsua', 'pijt-hme', '10027', '07-532-499', 944, 1),
('kasper', 'kinnunen', 'kasper.kinnunen@example.com', 'windsurf', '8565 otavalankatu', 'kouvola', 'lapland', '81016', '03-562-675', 945, 3),
('elli', 'latt', 'elli.latt@example.com', 'shock', '9683 itsenisyydenkatu', 'nousiainen', 'pirkanmaa', '41039', '08-304-007', 946, 2),
('aatu', 'annala', 'aatu.annala@example.com', 'glasses', '8962 hatanpn valtatie', 'sievi', 'finland proper', '28225', '05-089-909', 947, 2),
('ella', 'kuusisto', 'ella.kuusisto@example.com', 'paris1', '9095 hatanpn valtatie', 'rautavaara', 'tavastia proper', '27418', '08-417-337', 948, 1),
('akseli', 'huotari', 'akseli.huotari@example.com', 'packard', '5115 korkeavuorenkatu', 'hausjrvi', 'pijt-hme', '22948', '02-231-658', 949, 4),
('anni', 'eskola', 'anni.eskola@example.com', 'maxima', '2549 verkatehtaankatu', 'kannus', 'pijt-hme', '44062', '09-411-681', 950, 1),
('helmi', 'waara', 'helmi.waara@example.com', 'geneva', '1482 pyynikintie', 'virrat', 'central ostrobothnia', '30841', '09-018-733', 951, 2),
('leo', 'lehto', 'leo.lehto@example.com', 'bubba123', '9575 pirkankatu', 'reisjrvi', 'satakunta', '19114', '07-829-570', 952, 1),
('joel', 'manninen', 'joel.manninen@example.com', 'reilly', '3537 hatanpn valtatie', 'paltamo', 'satakunta', '39704', '06-765-838', 953, 3),
('daniel', 'lehtinen', 'daniel.lehtinen@example.com', 'wordup', '5117 visiokatu', 'siikajoki', 'kainuu', '93372', '02-779-232', 954, 1),
('aatu', 'nevala', 'aatu.nevala@example.com', 'davidson', '4591 otavalankatu', 'kaarina', 'southern savonia', '50485', '08-846-533', 955, 2),
('eevi', 'kujala', 'eevi.kujala@example.com', 'fffffff', '2284 korkeavuorenkatu', 'vaasa', 'lapland', '61282', '08-460-466', 956, 1),
('lumi', 'haataja', 'lumi.haataja@example.com', 'dale', '5477 bulevardi', 'enonkoski', 'land', '37247', '07-897-781', 957, 4),
('ella', 'huhta', 'ella.huhta@example.com', 'manga', '9091 visiokatu', 'viitasaari', 'northern savonia', '26217', '02-309-025', 958, 4),
('kerttu', 'nevala', 'kerttu.nevala@example.com', 'baller', '1343 mechelininkatu', 'janakkala', 'kymenlaakso', '28568', '02-495-471', 959, 2),
('topias', 'heikkinen', 'topias.heikkinen@example.com', 'tttttt', '6258 korkeavuorenkatu', 'joutsa', 'finland proper', '33832', '06-144-456', 960, 3),
('lumi', 'keto', 'lumi.keto@example.com', 'aaron', '2001 tehtaankatu', 'fgl', 'finland proper', '22472', '04-653-700', 961, 3),
('anton', 'tuomala', 'anton.tuomala@example.com', 'redfish', '3147 fredrikinkatu', 'mynmki', 'southern savonia', '80485', '04-354-626', 962, 1),
('otto', 'niskanen', 'otto.niskanen@example.com', 'a1b2c3d4', '6568 aleksanterinkatu', 'keminmaa', 'lapland', '57434', '09-696-531', 963, 2),
('vin', 'hokkanen', 'vin.hokkanen@example.com', 'sushi', '1012 pirkankatu', 'nekoski', 'tavastia proper', '47845', '09-431-027', 964, 2),
('peetu', 'niemi', 'peetu.niemi@example.com', 'klaus', '9710 tahmelantie', 'aura', 'northern savonia', '24664', '02-120-546', 965, 2),
('roope', 'koskela', 'roope.koskela@example.com', 'sunrise', '6880 mannerheimintie', 'sysm', 'northern ostrobothnia', '70799', '09-382-251', 966, 4),
('siiri', 'paavola', 'siiri.paavola@example.com', 'contact', '4698 mechelininkatu', 'pirkkala', 'central ostrobothnia', '34547', '09-421-087', 967, 4),
('eino', 'oja', 'eino.oja@example.com', 'glasgow', '8337 rautatienkatu', 'ecker', 'northern ostrobothnia', '79480', '06-888-948', 968, 2),
('enni', 'palo', 'enni.palo@example.com', '1210', '3064 satakennankatu', 'pukkila', 'southern savonia', '38656', '04-395-121', 969, 3),
('juho', 'kyllo', 'juho.kyllo@example.com', 'rocky1', '6188 suvantokatu', 'muurame', 'pirkanmaa', '83419', '09-398-483', 970, 3),
('oliver', 'seppala', 'oliver.seppala@example.com', 'jonny', '4963 aleksanterinkatu', 'skyl', 'south karelia', '80403', '07-473-348', 971, 3),
('sanni', 'peura', 'sanni.peura@example.com', 'washington', '7896 hmeentie', 'masku', 'kymenlaakso', '20066', '04-692-250', 972, 1),
('samuel', 'ruona', 'samuel.ruona@example.com', 'werewolf', '1937 myllypuronkatu', 'keuruu', 'pirkanmaa', '21981', '04-540-026', 973, 3),
('luukas', 'rantala', 'luukas.rantala@example.com', 'chipmunk', '7445 rotuaari', 'rautjrvi', 'finland proper', '46743', '07-710-514', 974, 4),
('niilo', 'koskinen', 'niilo.koskinen@example.com', 'fire', '9598 visiokatu', 'pornainen', 'kainuu', '60553', '03-478-525', 975, 2),
('veera', 'heikkinen', 'veera.heikkinen@example.com', 'luckyone', '6049 siilitie', 'lieto', 'kainuu', '91187', '02-934-210', 976, 1),
('ellen', 'kinnunen', 'ellen.kinnunen@example.com', 'fulham', '6876 nordenskildinkatu', 'ii', 'finland proper', '61190', '09-722-803', 977, 2),
('elias', 'tuomala', 'elias.tuomala@example.com', 'hello123', '9599 verkatehtaankatu', 'pihtipudas', 'north karelia', '54156', '05-087-999', 978, 3),
('elsa', 'ketola', 'elsa.ketola@example.com', 'hippie', '6661 pirkankatu', 'kankaanp', 'ostrobothnia', '21040', '02-966-638', 979, 3),
('saana', 'heinonen', 'saana.heinonen@example.com', 'oicu812', '7868 bulevardi', 'hankasalmi', 'pirkanmaa', '44191', '03-281-161', 980, 4),
('olivia', 'suomi', 'olivia.suomi@example.com', 'marcello', '1170 rotuaari', 'halsua', 'satakunta', '71052', '04-906-596', 981, 3),
('konsta', 'murto', 'konsta.murto@example.com', 'frisco', '7980 visiokatu', 'kihni', 'finland proper', '16983', '05-788-581', 982, 3),
('vin', 'remes', 'vin.remes@example.com', 'daisy', '3346 otavalankatu', 'joensuu', 'land', '21938', '07-651-328', 983, 2),
('viivi', 'kilpela', 'viivi.kilpela@example.com', '4321', '1658 mannerheimintie', 'kustavi', 'pirkanmaa', '55678', '02-520-931', 984, 4),
('eetu', 'lepisto', 'eetu.lepisto@example.com', 'thumbnils', '6009 rotuaari', 'kittil', 'central ostrobothnia', '47329', '03-380-588', 985, 4),
('niklas', 'salo', 'niklas.salo@example.com', '66666', '2453 tahmelantie', 'lieksa', 'finland proper', '18100', '09-617-407', 986, 4),
('neea', 'maunu', 'neea.maunu@example.com', 'bogart', '8548 hatanpn valtatie', 'lieksa', 'land', '13219', '08-968-762', 987, 2),
('minttu', 'ketola', 'minttu.ketola@example.com', 'kashmir', '4021 tahmelantie', 'pelkosenniemi', 'land', '79042', '03-224-358', 988, 2),
('sanni', 'takala', 'sanni.takala@example.com', 'idefix', '8673 hermiankatu', 'oulu', 'kymenlaakso', '39188', '06-370-166', 989, 4),
('emma', 'huotari', 'emma.huotari@example.com', 'sticks', '2327 myllypuronkatu', 'kaskinen', 'uusimaa', '72569', '04-013-166', 990, 4),
('lotta', 'waara', 'lotta.waara@example.com', 'stephan', '7529 fredrikinkatu', 'pihtipudas', 'kymenlaakso', '39629', '02-292-936', 991, 3),
('veera', 'joki', 'veera.joki@example.com', 'skyhawk', '5415 korkeavuorenkatu', 'alajrvi', 'uusimaa', '98992', '03-020-773', 992, 3),
('minttu', 'wirtanen', 'minttu.wirtanen@example.com', 'michaela', '9217 itsenisyydenkatu', 'pedersre', 'finland proper', '60680', '03-152-277', 993, 2),
('vilma', 'korhonen', 'vilma.korhonen@example.com', 'renee', '7871 korkeavuorenkatu', 'jrvenp', 'tavastia proper', '31403', '05-789-977', 994, 1),
('jimi', 'lahti', 'jimi.lahti@example.com', 'larry1', '7497 aleksanterinkatu', 'tarvasjoki', 'northern ostrobothnia', '64982', '03-045-269', 995, 4),
('konsta', 'kujala', 'konsta.kujala@example.com', 'believe', '9121 tehtaankatu', 'sodankyl', 'ostrobothnia', '85381', '06-888-728', 996, 2),
('konsta', 'niemi', 'konsta.niemi@example.com', 'briggs', '1703 otavalankatu', 'skyl', 'southern savonia', '82628', '07-765-900', 997, 3),
('leo', 'salo', 'leo.salo@example.com', 'fang', '4536 pirkankatu', 'sysm', 'finland proper', '21535', '07-904-318', 998, 3),
('minea', 'lassila', 'minea.lassila@example.com', 'goblue', '7062 fredrikinkatu', 'lumparland', 'southern ostrobothnia', '65493', '06-644-895', 999, 4),
('sanni', 'linna', 'sanni.linna@example.com', 'hard', '1665 mannerheimintie', 'karijoki', 'lapland', '64837', '07-944-186', 1000, 1);

-- --------------------------------------------------------

--
-- Table structure for table `wholesalePrice`
--

CREATE TABLE IF NOT EXISTS `wholesalePrice` (
  `wholesaleId` int(16) NOT NULL,
  `mediaPrice` float(32,2) NOT NULL,
  `mediaId` int(16) NOT NULL,
  `date` timestamp NOT NULL DEFAULT CURRENT_TIMESTAMP ON UPDATE CURRENT_TIMESTAMP,
  PRIMARY KEY (`wholesaleId`,`date`)
) ENGINE=InnoDB DEFAULT CHARSET=latin1;

--
-- Dumping data for table `wholesalePrice`
--

INSERT INTO `wholesalePrice` (`wholesaleId`, `mediaPrice`, `mediaId`, `date`) VALUES
(1, 20.00, 30, '2015-04-09 18:07:49'),
(2, 9.00, 29, '2015-03-12 12:14:22'),
(3, 16.00, 28, '2013-09-23 21:30:45'),
(4, 18.00, 27, '2012-11-14 07:25:06'),
(5, 16.00, 26, '2014-05-18 11:06:40'),
(6, 10.00, 25, '2012-10-17 08:22:10'),
(7, 1.00, 24, '2013-07-06 13:28:36'),
(8, 2.00, 23, '2013-11-10 02:54:05'),
(9, 6.00, 22, '2014-05-21 16:21:18'),
(10, 16.00, 21, '2012-12-23 21:48:41'),
(11, 3.00, 20, '2015-05-13 13:09:26'),
(12, 17.00, 19, '2015-04-04 16:39:14'),
(13, 18.00, 18, '2014-01-10 08:06:16'),
(14, 2.00, 17, '2014-06-21 15:54:18'),
(15, 12.00, 16, '2015-01-30 21:12:40'),
(16, 14.00, 15, '2014-05-04 13:38:04'),
(17, 12.00, 14, '2012-12-04 02:29:59'),
(18, 7.00, 13, '2013-10-06 13:03:45'),
(19, 9.00, 12, '2013-05-11 09:33:16'),
(20, 9.00, 11, '2013-04-18 19:05:54'),
(21, 16.00, 10, '2015-05-24 10:42:13'),
(22, 5.00, 9, '2015-03-21 06:15:01'),
(23, 3.00, 8, '2013-08-29 13:54:53'),
(24, 4.00, 7, '2013-12-21 19:57:18'),
(25, 18.00, 6, '2015-08-22 07:27:37'),
(26, 11.00, 5, '2015-09-29 18:42:54'),
(27, 16.00, 4, '2013-09-06 11:14:22'),
(28, 16.00, 3, '2014-10-07 11:04:12'),
(29, 15.00, 2, '2015-05-14 06:53:24'),
(30, 5.00, 1, '2013-09-11 02:46:39');

/*!40101 SET CHARACTER_SET_CLIENT=@OLD_CHARACTER_SET_CLIENT */;
/*!40101 SET CHARACTER_SET_RESULTS=@OLD_CHARACTER_SET_RESULTS */;
/*!40101 SET COLLATION_CONNECTION=@OLD_COLLATION_CONNECTION */;
